,DAILY_CLOSEPRICE_CHANGE
0,0.0015672188423252928
1,0.003442379390931783
2,-0.0034331844500705114
3,0.0009421702935674248
4,-0.0028081209989797517
5,-0.0009329753527061601
6,0.0046924764884475065
7,-0.0015580388037969204
8,0.0009421851959003232
9,0.00031712174480956316
10,-0.0003079268039482985
11,-0.0003079268039482985
12,0.00031712174480956316
13,-0.0003079268039482985
14,-0.00011416667160321814
15,0.004498701453769528
16,-0.005933363742769072
17,0.00031712174480956316
18,0.0034423644885988843
19,0.0015672188423252928
20,-0.0034331695477376133
21,0.0021922673910831545
22,0.0009421702935674248
23,-0.0009329753527061601
24,-0.0009329753527061601
25,-0.0009329753527061601
26,4.590019264180084e-06
27,4.604921597078382e-06
28,0.002817315939841016
29,-0.0015580239014640219
30,-0.0009329753527061601
31,-0.0003079268039482985
32,0.0012547020191128078
33,0.0012546871167799097
34,0.005004993311659991
35,-0.006245895468314448
36,0.0021922673910831545
37,0.009692864878510418
38,-0.005933363742769072
39,0.00031712174480956316
40,0.0046924615861146084
41,-0.0015580239014640219
42,0.0046924615861146084
43,-0.0009329753527061601
44,-0.0034331695477376133
45,0.003904903097099625
46,-0.00014541686369117803
47,-0.0013517607118171792
48,0.000735907103920582
49,-0.0028081209989797517
50,0.0021922673910831545
51,-0.0003079268039482985
52,-0.0003079268039482985
53,-0.0009329753527061601
54,-0.0009329753527061601
55,0.00031712174480956316
56,-0.0003079268039482985
57,-0.0007954566247196662
58,0.0002858715527216033
59,-0.0004141953398468326
60,0.00031712174480956316
61,-0.0003079268039482985
62,0.00031712174480956316
63,-0.0010829822356615182
64,0.002342274274038513
65,-0.0009329753527061601
66,-0.0003079268039482985
67,-0.0003079268039482985
68,-0.0003079268039482985
69,-0.0003079268039482985
70,-0.0003079268039482985
71,0.00031712174480956316
72,0.0009421702935674248
73,-0.00218307245022189
74,0.00031712174480956316
75,0.00031712174480956316
76,0.001567233744658191
77,0.00047963168506668367
78,0.003904903097099625
79,-0.00218307245022189
80,0.0021922673910831545
81,0.00031712174480956316
82,0.0015672188423252928
83,-0.0003079268039482985
84,6.710530577299818e-05
85,-0.0013079925600945586
86,-0.0009329902550390585
87,0.00031713664714246145
88,0.0009421702935674248
89,0.0021922673910831545
90,0.0009421702935674248
91,-0.002183087352554788
92,-0.0009329604503732619
93,0.0009421702935674248
94,0.005317495232539577
95,0.0021922673910831545
96,0.0009421702935674248
97,0.004067427939689644
98,-0.0009329604503732619
99,0.0021922673910831545
100,0.0021922673910831545
101,0.00031710684247666487
102,-0.0009329604503732619
103,-0.0005704463002866259
104,0.0012046897899057522
105,-0.0003079268039482985
106,0.00031710684247666487
107,-0.0003079268039482985
108,-0.0003079268039482985
109,-0.0003079268039482985
110,-0.0034331546454047152
111,0.00031710684247666487
112,-0.00208932187395801
113,-0.007902274867639435
114,-0.01780928616916849
115,-0.0015580239014640219
116,-0.008433572840133425
117,-0.009683669937649155
118,-0.011558800681589846
119,0.00031712174480956316
120,0.0009421702935674248
121,-0.004683266645253342
122,-0.0071834757426177
123,-0.0032644006276631595
124,-0.0029768899190542055
125,0.00031712174480956316
126,0.0009421702935674248
127,0.0009421702935674248
128,0.005942558683630338
129,0.010942961976026146
130,0.007817719232236828
131,-0.0009329753527061601
132,0.004067413037356746
133,-0.0003079268039482985
134,0.0034423644885988843
135,-0.0009329753527061601
136,-0.0009329753527061601
137,-0.005308315194011205
138,-0.0003079268039482985
139,0.012818107622299738
140,0.0021922673910831545
141,0.004067413037356746
142,-0.009683669937649155
143,0.009692879780843315
144,0.0038298847532890453
145,0.0003733780515010478
146,0.00039838416610457264
147,0.004173681573255286
148,0.005305007077570713
149,0.0044612071841971385
150,-0.0004454455319347926
151,-0.008533567493881733
152,-0.0040144946517715555
153,-0.005783341957480815
154,-0.00981492968581832
155,-0.0033269159141719774
156,-0.005327062328797401
157,0.0016484663612874038
158,-0.002064300857021587
159,0.0010671710619192581
160,0.0021922673910831545
161,-0.0009329753527061601
162,0.0021922673910831545
163,0.001567233744658191
164,-0.0009329753527061601
165,0.002817315939841016
166,-0.004058218096495481
167,0.0065676072323882055
168,-0.007808524291375562
169,-0.0028081209989797517
170,-0.0003079268039482985
171,-0.0003079268039482985
172,-0.0009329753527061601
173,-0.0003079268039482985
174,-0.00218307245022189
175,-0.0034331695477376133
176,-0.0009329753527061601
177,0.0015672188423252928
178,-0.0078085093890426635
179,0.0034423644885988843
180,0.0022297765629884416
181,0.002154758219177867
182,-0.0028081209989797517
183,0.0019484950295310184
184,0.0006734067197446622
185,-0.0029206336123627206
186,0.0009421702935674248
187,0.0034423644885988843
188,0.00031712174480956316
189,0.0009421702935674248
190,-0.0003079268039482985
191,-0.004683266645253342
192,0.00031712174480956316
193,-0.0003079268039482985
194,-0.0015580239014640219
195,0.0009421702935674248
196,-0.00218307245022189
197,-0.0003079268039482985
198,0.00031712174480956316
199,0.005317510134872475
200,-0.00015166094117561322
201,-0.004839532508026033
202,-0.0015580239014640219
203,0.00031712174480956316
204,-0.00020167317038266268
205,0.0002108681112439211
206,-0.003526920124001493
207,0.0008921580643603753
208,0.0017109816477962156
209,-0.0003079268039482985
210,-0.00010790769178589092
211,0.00011710263264714934
212,0.00042339028070809733
213,-0.002701867365414116
214,0.001504718458149373
215,-0.0010517469459064568
216,-0.0033581661062599376
217,0.002348533253855846
218,-0.0017142897642367135
219,0.000835916660001789
220,-0.0021080690087442074
221,0.0012359548843266102
222,-0.008183556401096859
223,0.007761462925545342
224,-0.0010142377740011697
225,0.0005483910490599307
226,-0.0013517607118171792
227,0.0012734491538990054
228,0.0003546309167148503
229,-0.0015955330733693153
230,0.002223517583171114
231,-0.002195575507523652
232,-0.00014540196135827974
233,-0.0029331366696644834
234,0.0011921867326039899
235,-0.0013580047893016144
236,0.001679731455708262
237,-0.000576705280103953
238,-0.0005766903777710548
239,0.0007984074880965018
240,-0.00031417088143273085
241,-0.0002391823422879498
242,0.00030461868750780084
243,-0.0003641682083068786
244,0.0009109051991465666
245,-0.0020955659514424454
246,-0.00029542374664653616
247,-0.0003079268039482985
248,-0.0025643486374276156
249,0.0070113987061027495
250,-0.003726954138496799
251,-0.0008642159887129132
252,0.0010171737350451072
253,0.00653011296281581
254,-0.0009329753527061601
255,-0.0007954566247196662
256,0.0002358593235145538
257,0.00036713397401661265
258,0.0027923247275703895
259,-0.004983310215829861
260,0.0045049455312539625
261,-0.010827498499266343
262,0.006992651571316552
263,0.0020422605081277965
264,0.0009484292733847583
265,-0.0034644346421584715
266,-0.00417073070987845
267,0.004979987197056467
268,-0.0003079268039482985
269,-0.0003079268039482985
270,-0.003964467520231601
271,0.002098516814819281
272,-0.0015580239014640219
273,-0.0030956466099216037
274,0.004354938648298604
275,-0.0015580239014640219
276,-0.0006141995496763481
277,-0.001301763384943028
278,-0.0015017675947725374
279,0.00031712174480956316
280,0.0028110718623565872
281,-0.006858440959770555
282,-0.00016416399847737556
283,0.0001670999595213068
284,0.0018735064903862408
285,-0.004064477076312808
286,0.0034486234684162113
287,-0.007239732049309185
288,0.0009484292733847583
289,-0.0005704463002866259
290,0.0005733822613305634
291,0.00020462403375949226
292,0.0014734533637285148
293,-0.004539503839782413
294,0.0009984266002589096
295,-0.00024542641977238496
296,-0.002758108769772702
297,0.0022110145258693523
298,0.0007046569118326221
299,-0.0013892698837224661
300,-0.0003079268039482985
301,-0.0003079268039482985
302,-0.0009329753527061601
303,0.00031712174480956316
304,-0.0009329753527061601
305,0.00031712174480956316
306,-0.0006704558563678328
307,-0.0011954948490444876
308,0.00031712174480956316
309,-0.0009329753527061601
310,0.00031712174480956316
311,-0.0017455399563246735
312,0.0006109063355687488
313,0.0002108532089110228
314,-0.0009329753527061601
315,-0.0003079268039482985
316,-0.0003079268039482985
317,-0.0003079268039482985
318,-0.0003079268039482985
319,0.00031712174480956316
320,-0.0003079268039482985
321,0.00031712174480956316
322,-0.0013455017319998458
323,0.0010421798496486317
324,-0.001870555627009405
325,-0.0003079268039482985
326,-0.0028331271135832764
327,0.0009671764081709496
328,-0.0005766903777710548
329,0.0011984308100884248
330,2.9611036200603138e-05
331,-0.002508107233069029
332,0.000904676023995036
333,-0.0008954810831337713
334,0.00031712174480956316
335,-0.0003079268039482985
336,-0.0003079268039482985
337,-0.17532168438181206
338,0.1747058307739155
339,-0.00042043941733126155
340,0.001054682906950394
341,0.00031712174480956316
342,4.604921597078382e-06
343,-0.0012455070782515431
344,-0.0009329753527061601
345,0.00031712174480956316
346,-0.0003079268039482985
347,-0.0003079268039482985
348,0.00031712174480956316
349,0.0006358975478393752
350,-0.001876799704493834
351,0.00031712174480956316
352,-0.0003079268039482985
353,-0.0003079268039482985
354,-0.0003079268039482985
355,0.0009421702935674248
356,0.00031712174480956316
357,-0.0003079268039482985
358,-0.0003079268039482985
359,-0.0003079268039482985
360,-0.0003079268039482985
361,0.0008921729666932735
362,0.00036713397401661265
363,-0.003745701273282996
364,0.00514875611713092
365,0.0021235080270899072
366,-0.006077126548240001
367,0.0016359782063185397
368,-0.0007017209507886847
369,0.0016484812636203023
370,0.0004983937221857795
371,-0.001739295878840238
372,0.0015984690344132465
373,-0.0011579856771392004
374,-0.0011892507715600587
375,0.0022797738898625987
376,-0.0036081825452965025
377,0.0017859850892738977
378,-7.665749969793103e-05
379,-0.0010829822356615182
380,0.0012546871167799097
381,-0.0023205762758754856
382,0.00045462557046315887
383,0.0018234942611791852
384,-0.004220728036752601
385,0.0002608654381180785
386,0.00036711907168371436
387,0.00041713130089077004
388,-0.0003016678241309713
389,-0.0007079650282731199
390,0.0006609036624429
391,-0.003601938467812067
392,0.00025462136063364335
393,0.00035461601438195194
394,0.0014297150166716907
395,-0.0012330040209497747
396,0.0013672146324957772
397,-0.0012517511557359722
398,0.0008296576801844554
399,-0.0018392905325885468
400,-0.0010642351008753206
401,-0.00027667661186034484
402,-0.0003891892252433079
403,-0.0016705365148469912
404,0.0005483910490599307
405,0.0003483719368975231
406,0.00011711753498004764
407,-0.0006704558563678328
408,0.0006796507972290974
409,-0.0006892029911540242
410,0.0015609598625079594
411,-0.0028393711910677114
412,-0.0012892603276412594
413,0.003554877101981853
414,-0.0033769132410461284
415,0.0008984170441777026
416,-0.0006329466844625394
417,-0.0004579485892365549
418,0.0009921825227744805
419,-0.0003891892252433079
420,-0.003420666490435851
421,0.0029360726307084205
422,-8.916055699969338e-05
423,-0.000651693819248737
424,-0.007395983009748972
425,0.006055071297013307
426,-0.0005141899935951412
427,-0.0020643157593544853
428,0.0010421798496486317
429,0.0010046706777433446
430,0.001335949538074919
431,-0.0018267874752867844
432,0.0002358593235145538
433,0.00015461180455243645
434,-0.0011829917917427252
435,0.0015047035558164747
436,-0.002295570161271961
437,-0.0005954524148901506
438,-0.0018455495124058805
439,0.0023110240819505523
440,-0.0017955372831988245
441,0.0008546637947879803
442,-2.0401193006446373e-05
443,-0.0023018440434221864
444,0.003798649463533983
445,-0.002858118325853903
446,-0.004864538622629559
447,0.0038486467904081407
448,0.0012984552685025303
449,-0.002389350542201631
450,0.0009921825227744805
451,-0.0010454879660891294
452,0.004811233179314911
453,-0.005558346535380674
454,0.0034361055087815504
455,-0.004120718480671394
456,0.0003858811088028102
457,-1.415711552201123e-05
458,0.0006046473557514152
459,-0.0018893027617956025
460,0.00011710263264714934
461,-0.002101810028926874
462,0.0014172119593699284
463,-0.0006017113947074841
464,0.0008609227746053138
465,-0.0005266930508969036
466,0.0002733684954198409
467,-0.00020791724786709784
468,-0.0002329233624706226
469,4.835817098680063e-05
470,-0.002195575507523652
471,0.000173358939338634
472,0.005573785553726374
473,-0.0011705036367738611
474,-0.005077045889760837
475,-0.0007517182776628422
476,0.00013586466976624518
477,0.011761755754796197
478,-0.00592086068546731
479,0.003511123852592131
480,0.008792808678445365
481,0.0034423644885988843
482,-0.0023455823904790104
483,-0.0004767106263556445
484,-0.002289340986120424
485,0.001379732592130438
486,-0.0062896636200370695
487,0.0005858853186323258
488,-0.0014267641532948613
489,-0.0020643157593544853
490,-0.0034019193556496597
491,0.0024422987324526175
492,-0.003601938467812067
493,0.0019110007599586294
494,0.0032736104708573285
495,-0.0013329986746980832
496,0.0010484239271330669
497,-0.003833222674395339
498,0.008686555044879724
499,-0.004433250206216777
500,0.002348533253855846
501,-0.002139334103165066
502,-0.0019143088763991273
503,-0.005383333537821784
504,0.008667778105427733
505,-0.004845776585510463
506,-1.4142213189112932e-05
507,0.0006108914332358504
508,0.0010796890215539188
509,-0.0021768283727374546
510,0.00042339028070809733
511,-0.00239559461968606
512,0.003998638771030601
513,-0.0020080445503301027
514,-0.0022018344873409794
515,0.002404804462880229
516,0.002304780004466124
517,-0.000789212547235231
518,-0.0008892370056493361
519,0.0022172735056866792
520,-0.005389592517639118
521,0.0042611880720347245
522,0.0027923247275703895
523,-0.00239559461968606
524,-0.004870782700113993
525,0.0042611880720347245
526,0.0023922865032455685
527,0.00015461180455243645
528,-0.0022393287569133745
529,0.002873572246532501
530,-0.0012955044051256945
531,-0.00108925611781175
532,0.0006234093928705112
533,-0.00503953671785555
534,0.006273837543961918
535,-0.00120799790634625
536,-0.004151983575092253
537,0.0031423507226881614
538,-0.0016580483598781272
539,0.00796772611519219
540,0.0014609503064267524
541,2.9611036200603138e-05
542,-0.0003079268039482985
543,0.0041924287080414785
544,-0.0010579910233908918
545,0.005317525037205374
546,-0.000920472295404398
547,0.0027360535185460065
548,-0.00762100823651491
549,0.005823816895095838
550,-0.0027518795946211653
551,-0.004783276201334549
552,1.7093076565942433e-05
553,-0.0044894916105753645
554,0.0017234698027650797
555,0.0004608845502804924
556,-0.005439574942180371
557,0.00011711753498004764
558,0.0012984552685025303
559,-0.0030143990909594926
560,-0.001639271420426133
561,-0.0001516907458414098
562,-0.006127108972781254
563,-0.00768350862069083
564,0.002673553134370093
565,0.0022422796202902035
566,-0.00048293980150718136
567,-0.001226774845798244
568,-0.00146425842286725
569,-0.004139465615457592
570,-0.0020393096447509605
571,-0.0015517947263124915
572,-0.0013267396948807562
573,-0.0009329902550390585
574,0.0023860275234282345
575,0.001567233744658191
576,-0.002183087352554788
577,-0.0009329604503732619
578,0.00011711753498004764
579,-0.0011392683470187997
580,-0.001151726697321867
581,-0.003745686370950098
582,9.834059552805349e-05
583,-0.0018392905325885468
584,0.0010421649473157334
585,0.003286128430491989
586,-0.0004579634915694532
587,-0.0013704929442704783
588,0.0012046897899057522
589,-0.0004891987813245148
590,-0.0018893027617956025
591,-7.041342221349586e-05
592,-0.0011642446569565276
593,-0.00037042718812421206
594,0.0019484950295310184
595,-0.0004079214576966009
596,-0.0008829780258320029
597,-0.000189155210748002
598,0.000104599575345387
599,0.004311170496575984
600,-0.000801700702204095
601,0.0017172406276135493
602,-0.000845483756259614
603,0.004998734331842664
604,-0.0003516800533380145
605,0.0027048182287909453
606,-0.005814607051901668
607,-0.00022667928498618743
608,-0.0017392660741744415
609,-0.0004704516465383173
610,-0.0027893738641935543
611,0.00040464314592190606
612,0.00037960722665257845
613,-0.0017017718046020527
614,0.002929813650891087
615,-0.005014530603252018
616,0.0070113838037698505
617,0.0016047280142305797
618,-0.0011454975221703364
619,-0.001476776382501911
620,0.000829687484850252
621,0.00024211830333188106
622,-0.0003079268039482985
623,0.00031710684247666487
624,0.001117183291126314
625,-0.0004704218418725207
626,-0.004145754399940716
627,-0.0003579092284895514
628,-0.0013267694995465528
629,-0.000976713699762984
630,0.0058800582994544244
631,-0.002451865828710443
632,-0.0031518880142801897
633,-2.6660172823779815e-05
634,-0.000870460066197342
635,0.001335949538074919
636,-0.0004517045117521197
637,2.3352056383275876e-05
638,-0.000651693819248737
639,-0.0011080032525979415
640,0.0016860053378584875
641,-0.0006142293543421447
642,-0.002295570161271961
643,-0.00016417890081027388
644,0.0009422000982332214
645,-0.0008267366214734165
646,-0.000976713699762984
647,0.0025922758107421793
648,-0.0020143035301474358
649,0.0016109869940479072
650,-0.0037144510811950365
651,0.002379798348276704
652,-0.00423326089872016
653,-0.00011413686693742152
654,0.0026672941545527597
655,-0.0011517565019876636
656,6.087613062146134e-05
657,0.0022672559302279382
658,-0.0018767848021609356
659,0.0008233987003671284
660,-0.0011142324277494781
661,-0.000989231659397645
662,0.000104599575345387
663,0.0041049222092620335
664,-0.0011079734479321447
665,-0.002895627497759196
666,-0.0011705036367738611
667,-0.0005579581453177617
668,-0.0006891880888211258
669,0.0010984361563401164
670,0.0015171917107853388
671,-0.00025791457474124904
672,-0.00333941897147374
673,0.0004483963953116283
674,0.0006671328375944367
675,0.0012547020191128078
676,-0.0026081018868173377
677,0.001617216169199444
678,-0.0012392331961013116
679,-0.0018893027617956025
680,2.3352056383275876e-05
681,-0.0007954715270525644
682,0.0015734629198097217
683,-0.00037042718812421206
684,-0.0014392821129295221
685,0.0022172735056866792
686,-0.002933121767331585
687,0.0009359113137500975
688,-0.003601938467812067
689,0.0030110909745190008
690,0.0005671381838461282
691,-0.005452063097149235
692,0.0028548251117463093
693,-0.0002766915141932432
694,-0.0002329084601377243
695,0.006305072833716973
696,-0.007883497928187449
697,0.0013859319626161781
698,-0.0018455197077400837
699,0.00020459422909369554
700,-0.0007954715270525644
701,0.00022337116854568968
702,-0.001220486061315114
703,-0.0005079459161107061
704,-0.0010704791783597558
705,-0.0007329711428766447
706,0.00019210607412483154
707,-0.0004454455319347926
708,0.00016087078436976995
709,-6.415444239616866e-05
710,-0.0014080170185086637
711,-0.0007454592978455087
712,0.0012734491538990054
713,-0.0012517511557359722
714,-0.0006079405698590146
715,-0.000995490639214972
716,0.004229922977613866
717,-0.0018580376673747443
718,-0.002501848253251702
719,0.0010046706777433446
720,0.000104599575345387
721,-0.0006204585294936754
722,-0.00016414909614447727
723,0.000104599575345387
724,8.585244055918943e-05
725,0.00034214276174598625
726,0.00035460111204905364
727,-0.000857971911228478
728,0.0008109105453982642
729,0.00019213587879062815
730,0.004486183494134867
731,0.0017734820319721355
732,0.0034548824482335447
733,-0.0010017198143665088
734,-0.0038207047147606784
735,0.0036673599106990264
736,-0.0035081729892152956
737,0.004436201069593615
738,-0.0016642775350296638
739,-0.0024206007342895907
740,-0.005489587171387427
741,-0.0013892400790566696
742,-0.0018642966471920717
743,0.0014484323467920917
744,-4.5377502944174476e-05
745,2.332225171747928e-05
746,-0.001432993328446392
747,0.0013172024032887216
748,-0.0005079459161107061
749,-0.0011142622324152747
750,0.0008671817544226471
751,0.0005733971636634616
752,-0.0007954715270525644
753,-0.000189155210748002
754,-0.0007142240080904534
755,-0.0004016922825450703
756,0.0004984086245186779
757,-0.0005516991655004284
758,2.3352056383275876e-05
759,-0.0002391674399550515
760,2.9581231534806488e-05
761,-0.000639205664279873
762,-0.0005454401856831012
763,0.000673391817411764
764,-0.0003891743229104096
765,-0.00025168539958971844
766,0.0005483910490599307
767,-0.00045167470708632314
768,-9.541953681702685e-05
769,0.0009296821385985607
770,-0.0038207047147606784
771,-0.000720453183241984
772,-0.00043295737696592845
773,-3.288934797531043e-05
774,0.0022110145258693523
775,-0.0005329520307142309
776,0.0008546637947879803
777,-0.0006454348394314035
778,-0.0006204585294936754
779,-0.0003079268039482985
780,-0.0003079268039482985
781,-0.0028081209989797517
782,-0.0003079268039482985
783,-0.0006204585294936754
784,-0.0006204585294936754
785,0.00031713664714246145
786,-0.0015580239014640219
787,-0.0003079268039482985
788,-0.000870460066197342
789,-0.002245587736730702
790,-0.0009329902550390585
791,6.710530577299818e-05
792,0.002754830457998001
793,-0.0012455219805844416
794,-0.0005516693608346318
795,0.00012334671013158448
796,-0.0002766915141932432
797,0.002542323190866723
798,-0.0033769430457119254
799,-0.001245492175918645
800,-0.0006204585294936754
801,-0.0005266930508969036
802,-8.916055699969338e-05
803,0.00031713664714246145
804,-0.0006204585294936754
805,4.604921597078382e-06
806,-0.0009329902550390585
807,-0.0003079268039482985
808,-0.0009329604503732619
809,-0.0003079268039482985
810,-0.00015166094117561322
811,-0.0014017580386913304
812,-0.00046419266672098386
813,-0.0009329902550390585
814,-0.00046419266672098386
815,-0.0003079268039482985
816,-0.0003079268039482985
817,0.0003796370313183751
818,-0.0003641682083068786
819,-0.0009392492348563858
820,9.211142037652294e-05
821,-0.0018080552428334853
822,0.0007921634106120666
823,-0.00018289623093066854
824,-0.0002766915141932432
825,-0.00015166094117561322
826,-0.0014017580386913304
827,0.0005358730894252701
828,4.604921597078382e-06
829,-0.00015166094117561322
830,0.0016609694185891664
831,-0.0004204096126654649
832,-0.0025831255768796095
833,0.0008296576801844554
834,-0.0006204287248278788
835,4.575116931281732e-06
836,-0.00046419266672098386
837,-0.00027666170952744655
838,-0.00018292603559646515
839,4.604921597078382e-06
840,-0.00015166094117561322
841,-0.0010954852929632806
842,0.0007358922015876836
843,-0.0004079214576966009
844,3.584021135213998e-05
845,0.0002858715527216033
846,0.00016087078436976995
847,-0.0004016922825450703
848,-0.0002704325343759097
849,0.0033423698348505754
850,-0.0028081209989797517
851,-0.0012142568861635834
852,0.001535968650237333
853,0.0006296683726878446
854,0.0013171725986229248
855,-0.00021416132535152674
856,-0.0015517649216466947
857,0.0007671572960085421
858,7.959346074186223e-05
859,0.002323527139252321
860,-0.0036394327373844623
861,0.004248699917065861
862,-0.0040707360561301415
863,0.005473790899978065
864,0.0006921389521979616
865,-0.0015580239014640219
866,-0.000995490639214972
867,0.0018672475105689075
868,-0.0011705036367738611
869,0.002754830457998001
870,-0.0003079268039482985
871,0.0019609831844998823
872,-0.0024205709296237945
873,0.002817301037508118
874,-0.002964386861752443
875,0.0006921687568637581
876,-0.002508107233069029
877,0.0006421565276567088
878,0.0004108723210734366
879,-0.00046419266672098386
880,0.00016087078436976995
881,-0.0007142240080904534
882,-0.0006829589136695952
883,6.710530577299818e-05
884,0.0011922016349368882
885,-0.0003079268039482985
886,0.002817330842173914
887,-0.0028331271135832764
888,0.0015922100545959193
889,-0.00015166094117561322
890,6.710530577299818e-05
891,0.0001608409797039733
892,-0.0013079925600945586
893,0.0006921389521979616
894,0.00040464314592190606
895,-0.0003141857837656257
896,-0.003251912472694295
897,0.00217977923611429
898,6.710530577299818e-05
899,-0.002489360098282838
900,-6.415444239616866e-05
901,0.001567233744658191
902,-0.001245492175918645
903,0.0004733727052493564
904,-0.0003079268039482985
905,-0.00046419266672098386
906,-0.0046145221835929935
907,0.0040611689598723175
908,0.0005171557593048754
909,-0.0002391674399550515
910,-0.0014080170185086637
911,0.0005608792040287946
912,-3.288934797531043e-05
913,-0.0019330560111853186
914,0.00031710684247666487
915,6.710530577299818e-05
916,-0.0003079268039482985
917,-0.0005266930508969036
918,-0.00046419266672098386
919,0.0006296385680220479
920,-0.0009329604503732619
921,-0.0011767626165911883
922,0.0037486670389927307
923,-0.002245587736730702
924,0.002661064979401229
925,-0.0001516907458414098
926,6.710530577299818e-05
927,-0.004120718480671394
928,6.710530577299818e-05
929,0.0018172352813618578
930,0.00031713664714246145
931,-0.010521240655871192
932,0.0002733833977527392
933,0.005686268362443541
934,-0.00021416132535152674
935,-0.00493954206410724
936,0.0004608845502804924
937,0.0024923109616596735
938,-0.0002579443794070456
939,-0.003720680256346573
940,-0.0013767519240878057
941,-0.0003141857837656257
942,0.013736925859483893
943,-0.010396210082853562
944,0.007036389918373376
945,0.0006233795882047146
946,-0.010446222312060617
947,-0.0003079268039482985
948,0.012955626350286232
949,0.00031713664714246145
950,-0.0003079268039482985
951,-0.01587791402086921
952,0.008911550466979865
953,0.006605116404293492
954,0.0006921389521979616
955,-0.0016205242856399417
956,-0.013033923005871516
957,0.01248056978215083
958,-0.012658890896150217
959,0.010417908081016595
960,-0.0006204287248278788
961,-0.011527565391834785
962,0.0015859808794443822
963,-0.00042669839714859503
964,0.007323915529315233
965,-0.007783503274439139
966,-0.0007267121630593175
967,0.007586435025653561
968,-0.0003079268039482985
969,-0.003745686370950098
970,-0.0009329902550390585
971,-0.001245492175918645
972,-0.00037042718812421206
973,-0.0006204585294936754
974,-0.0003079268039482985
975,0.0006296385680220479
976,-0.0029268627875142514
977,0.0014546913266094252
978,0.0007671572960085421
979,-0.00146425842286725
980,0.0006296385680220479
981,-0.000789212547235231
982,-0.001639271420426133
983,-0.0003079268039482985
984,0.0005296439142737394
985,0.002917325495922223
986,-0.0003079268039482985
987,-0.0061896391616229705
988,0.006198819200151338
989,-0.00031415597909983245
990,0.0001670999595213068
991,-0.008821093104823591
992,0.007673941524433006
993,-0.004614492378927197
994,-0.0003079268039482985
995,-0.0003079268039482985
996,0.0033923522593918283
997,0.0006108914332358504
998,-0.0006204585294936754
999,0.0034423644885988843
1000,4.604921597078382e-06
1001,0.001360955652678444
1002,-0.003164405973914857
1003,-0.008264789017726072
1004,-0.0003016678241309713
1005,0.010392901966413062
1006,-0.0009329902550390585
1007,-0.0009329604503732619
1008,0.00031710684247666487
1009,-0.0003079268039482985
1010,-0.0003079268039482985
1011,-0.0003079268039482985
1012,7.336428559032539e-05
1013,-0.0006892178934869224
1014,-0.0021830575478889915
1015,6.710530577299818e-05
1016,-0.0031831531087010484
1017,-0.003070640495318079
1018,-0.00030169762879676457
1019,-0.0006766999338522618
1020,6.710530577299818e-05
1021,-5.789546257883518e-05
1022,0.0019422360497136912
1023,-0.0006642117788833976
1024,-0.00026417355455858247
1025,-0.0003079268039482985
1026,-0.004639498493530721
1027,0.0039611445014582115
1028,2.3352056383275876e-05
1029,-0.0003079268039482985
1030,-0.0011954799467115893
1031,-0.0003141857837656257
1032,0.0006233795882047146
1033,-0.0013017335802772314
1034,0.0005358730894252701
1035,0.0007234040466188197
1036,-0.0003079268039482985
1037,-0.00032667393873448975
1038,8.585244055918943e-05
1039,-0.0006829589136695952
1040,0.002817330842173914
1041,-0.006002138009095218
1042,0.007948978980405993
1043,-0.0003079268039482985
1044,-0.002245587736730702
1045,-0.0013704929442704783
1046,0.0013797027874646412
1047,-0.00024542641977238496
1048,0.013599407131497394
1049,-0.013902729013848616
1050,0.015468308700286554
1051,0.0003546309167148503
1052,-0.0061208797976297176
1053,-0.0003079268039482985
1054,0.006255090409175721
1055,-0.000995490639214972
1056,-0.0003079268039482985
1057,9.211142037652294e-05
1058,-0.003833222674395339
1059,0.0016297341288341047
1060,0.014630737982064518
1061,-0.008958582028144289
1062,0.0006483857028082391
1063,0.006761382267066184
1064,0.0021922673910831545
1065,-0.001814284417985022
1066,0.0011984308100884248
1067,0.0010046706777433446
1068,-0.0034956848342464313
1069,0.00031713664714246145
1070,0.0056800391872920105
1071,-0.005308315194011205
1072,0.0022047555460520184
1073,0.0010734598464023882
1074,0.017937237800897156
1075,-0.018553091408793753
1076,0.001060912082101931
1077,-0.008239782903122547
1078,-0.0055021051310220875
1079,0.0006296683726878446
1080,-0.01249639585822599
1081,-0.007964775251815355
1082,0.009224052387859451
1083,-0.005027048562886685
1084,-0.0003079268039482985
1085,-0.0003079268039482985
1086,0.012293068629623084
1087,-0.00011416667160321814
1088,0.0007421809860708138
1089,-0.0004016922825450703
1090,-0.010840001556568106
1091,-0.006308410754823268
1092,0.006942654244442401
1093,-0.0006829589136695952
1094,0.0006921389521979616
1095,-0.005252043984986822
1096,0.003011061169853198
1097,-0.0011829917917427252
1098,-0.004320737592833808
1099,0.00031713664714246145
1100,0.0012046897899057522
1101,-0.004433250206216777
1102,0.00031710684247666487
1103,-0.0002704325343759097
1104,0.0004483963953116283
1105,0.002711047403942482
1106,-0.005339550483766265
1107,0.005973823778051195
1108,-0.000995490639214972
1109,-0.0003079268039482985
1110,0.0006921389521979616
1111,-0.0009329604503732619
1112,-0.0003079268039482985
1113,4.604921597078382e-06
1114,0.00031710684247666487
1115,-0.005995879029277884
1116,0.0035048648727747976
1117,-0.001245492175918645
1118,-0.000989231659397645
1119,0.00104219475198153
1120,0.006773870422035048
1121,-0.006558412291526934
1122,0.006942624439776604
1123,-0.005995849224612088
1124,-0.0012455219805844416
1125,0.002767318612966865
1126,-0.0011392385423530029
1127,0.002079754777700185
1128,-0.0011892507715600587
1129,0.002879831226349834
1130,0.002604823575042643
1131,0.0016109571893821106
1132,0.0007984223904294002
1133,-0.0031831531087010484
1134,-0.0028081209989797517
1135,0.003192333147229421
1136,0.0018797356655377712
1137,-0.0003079268039482985
1138,-1.6540582202488253e-06
1139,-0.0006766999338522618
1140,-0.00120799790634625
1141,0.00034214276174598625
1142,-0.0003079268039482985
1143,0.00035460111204905364
1144,-0.001189220966894262
1145,-0.0014830353623192442
1146,0.0049925051566911275
1147,9.834059552805349e-05
1148,-0.0031206527245251346
1149,-0.0009329604503732619
1150,-0.0015580239014640219
1151,0.0006421267229909122
1152,-0.00316437616924906
1153,0.0008233987003671284
1154,0.0040486808049034475
1155,-0.0022643348715168992
1156,-0.0003079268039482985
1157,-0.0019330560111853186
1158,0.0013172024032887216
1159,-0.0003079268039482985
1160,-0.0003079268039482985
1161,-0.004058218096495481
1162,-5.792526724463178e-05
1163,-0.00017040807596180446
1164,-0.0009142133155870644
1165,0.00079213360594627
1166,0.0012734491538990054
1167,-0.0018955319369471332
1168,0.0013172024032887216
1169,-0.002558119462276085
1170,-0.0015580239014640219
1171,0.003879896982496094
1172,-0.0019955563953612384
1173,0.0006921687568637581
1174,4.575116931281732e-06
1175,0.0008796699093915113
1176,-0.0028081209989797517
1177,-0.0003079268039482985
1178,-0.0003079268039482985
1179,0.0013172024032887216
1180,-0.0006829589136695952
1181,0.0006859097770464308
1182,0.0006421565276567088
1183,-0.0003892041275762062
1184,-0.00032041495891716257
1185,-0.00026417355455858247
1186,-0.0004954279564760454
1187,0.0027610596331495312
1188,-0.0006829589136695952
1189,-0.0011080032525979415
1190,-0.0074772305287110884
1191,0.0037923904837166562
1192,0.003911162076916953
1193,-0.0004016922825450703
1194,-0.0012142568861635834
1195,-0.0015580239014640219
1196,0.0016359931086514382
1197,0.0006233795882047146
1198,-0.0007766945876005703
1199,-0.00046419266672098386
1200,-0.0036831859867741783
1201,0.0018859946453551046
1202,0.0014984445759991412
1203,-0.0013079925600945586
1204,0.0013172024032887216
1205,-0.0006204585294936754
1206,0.0008796699093915113
1207,6.710530577299818e-05
1208,-0.0019330560111853186
1209,0.0010046706777433446
1210,-0.0003079268039482985
1211,-0.0001579199209929404
1212,-0.00239559461968606
1213,0.0009421702935674248
1214,0.0007796752556432026
1215,-0.007570996007307861
1216,0.0016922345130100246
1217,-0.004827029450724271
1218,-0.0005142048959280395
1219,0.0017172406276135493
1220,0.0010421649473157334
1221,-0.0016580185552123306
1222,0.0021922673910831545
1223,-0.0003079268039482985
1224,-0.0009329902550390585
1225,-0.0020317988689701628
1226,0.0038432074389002204
1227,-0.003360222628199916
1228,-0.0003079268039482985
1229,0.0021922673910831545
1230,0.00031710684247666487
1231,-0.0003079268039482985
1232,-0.0009329604503732619
1233,0.0034423644885988843
1234,-0.002183087352554788
1235,-0.0009329604503732619
1236,0.0009421702935674248
1237,0.001567233744658191
1238,-0.0028081508036455483
1239,-0.0003079268039482985
1240,-0.0003107284425331989
1241,0.0003199382857273623
1242,0.0009421702935674248
1243,0.00031713664714246145
1244,-0.002183087352554788
1245,0.00031710684247666487
1246,-0.0003079268039482985
1247,-0.0009329604503732619
1248,0.0009421702935674248
1249,0.004067427939689644
1250,-0.003575561338581892
1251,-0.00016554991543692453
1252,-0.0009329604503732619
1253,0.00031710684247666487
1254,0.0021922673910831545
1255,0.00031713664714246145
1256,-0.0034331844500705114
1257,0.002817330842173914
1258,-0.0003079268039482985
1259,-0.0012287717584066298
1260,0.0016221637437217136
1261,0.002433118895387203
1262,0.002817301037508118
1263,-0.0003079268039482985
1264,-0.0021830575478889915
1265,-0.0009329902550390585
1266,0.00031713664714246145
1267,0.00031710684247666487
1268,0.001567233744658191
1269,0.0009421702935674248
1270,0.005317525037205374
1271,-0.00655844209619273
1272,-0.0007970213696739947
1273,-0.001693962982163289
1274,-0.0003079268039482985
1275,0.0034423644885988843
1276,-0.00468328154758624
1277,0.0021922673910831545
1278,-0.0027071725959259448
1279,-0.0010339088534270684
1280,-0.0003079268039482985
1281,0.0021922673910831545
1282,-0.002183087352554788
1283,-0.0030331462257456904
1284,0.002417292617849093
1285,0.0009421702935674248
1286,-0.0009329604503732619
1287,-0.0003079268039482985
1288,0.0009421702935674248
1289,-0.0009329902550390585
1290,-0.0020256889124818187
1291,0.0007848016581602521
1292,-0.0003079268039482985
1293,-0.0003079268039482985
1294,-0.0009329902550390585
1295,-0.0026637770025257886
1296,0.0014228897482042216
1297,-0.0003079268039482985
1298,-0.0015580239014640219
1299,-0.005308315194011205
1300,-0.0003079268039482985
1301,-0.0003079268039482985
1302,0.00031710684247666487
1303,-0.0015580239014640219
1304,-0.004058218096495481
1305,-0.0015580239014640219
1306,-0.003014965379609634
1307,-0.0026012766183498687
1308,0.00031710684247666487
1309,0.00031713664714246145
1310,-0.0003079268039482985
1311,-0.0015580239014640219
1312,-0.0003079268039482985
1313,-0.0026783812887662246
1314,-0.0016877636116775486
1315,-0.0009329902550390585
1316,0.00031713664714246145
1317,-0.0009329902550390585
1318,0.0009421702935674248
1319,0.00031713664714246145
1320,-0.0028081209989797517
1321,0.00031710684247666487
1322,0.00031713664714246145
1323,-0.0003079268039482985
1324,0.0021922673910831545
1325,-0.0009329902550390585
1326,0.00031713664714246145
1327,0.0015672039399923943
1328,0.0009421702935674248
1329,0.00031713664714246145
1330,-0.0009329902550390585
1331,0.0021922673910831545
1332,-0.0003079268039482985
1333,0.006182545852626278
1334,-0.004298205265491415
1335,-0.0003079268039482985
1336,0.002192297195748951
1337,0.001450399454734681
1338,-0.0014412194162063147
1339,-0.0003079268039482985
1340,0.0009421702935674248
1341,0.00031713664714246145
1342,0.00781768942757103
1343,-0.0003079268039482985
1344,0.00031713664714246145
1345,-0.0030539498824718667
1346,35.46085103215279
1347,-35.458720862682156
1348,-0.0009329902550390585
1349,0.00031713664714246145
1350,0.00031710684247666487
1351,0.00031713664714246145
1352,-0.002183087352554788
1353,0.0009421702935674248
1354,0.002192297195748951
1355,0.00031710684247666487
1356,-0.0009329604503732619
1357,-0.0003079268039482985
1358,-0.0003079268039482985
1359,-0.0015580537061298185
1360,-0.006454960296546199
1361,0.00396397594470891
1362,-0.0009329902550390585
1363,0.0009421702935674248
1364,0.00031713664714246145
1365,0.0009421702935674248
1366,0.00031713664714246145
1367,-0.0003079268039482985
1368,-0.0009329902550390585
1369,0.00031713664714246145
1370,-0.0003079268039482985
1371,-0.0009329902550390585
1372,0.00031713664714246145
1373,-0.0009329902550390585
1374,-0.004058218096495481
1375,-0.002183087352554788
1376,-0.0003079268039482985
1377,0.0009421702935674248
1378,0.00031713664714246145
1379,0.00031710684247666487
1380,-0.0003079268039482985
1381,0.00031713664714246145
1382,-0.0009329902550390585
1383,-0.0003079268039482985
1384,-0.0015580239014640219
1385,0.00031713664714246145
1386,0.003948209276502392
1387,-0.0051891263354897485
1388,0.00031713664714246145
1389,0.0015672039399923943
1390,-0.0009329604503732619
1391,-0.0009329902550390585
1392,0.00031713664714246145
1393,-0.0003079268039482985
1394,-0.0003079268039482985
1395,0.00031710684247666487
1396,-0.0009329604503732619
1397,0.005942558683630338
1398,-0.0009329604503732619
1399,-0.0028081209989797517
1400,-0.0028081508036455483
1401,0.00031713664714246145
1402,-0.0009329902550390585
1403,0.0009421702935674248
1404,-0.0003079268039482985
1405,0.00031713664714246145
1406,-0.0009329902550390585
1407,-0.0003079268039482985
1408,-0.0003079268039482985
1409,0.0009422000982332214
1410,-0.002183087352554788
1411,-0.0003079268039482985
1412,0.00031710684247666487
1413,-0.0003079268039482985
1414,0.00031713664714246145
1415,0.0021922673910831545
1416,-0.0015580239014640219
1417,-0.002183087352554788
1418,0.00031713664714246145
1419,0.00031713664714246145
1420,-0.0011003732581539574
1421,-0.002015704349439883
1422,-0.0009329604503732619
1423,-0.0003079268039482985
1424,-0.0003079268039482985
1425,-0.0009329902550390585
1426,-0.0003079268039482985
1427,0.00031713664714246145
1428,0.0009421702935674248
1429,-0.0003079268039482985
1430,-0.0009329902550390585
1431,-0.0003079268039482985
1432,0.0034423942932646804
1433,-0.002183087352554788
1434,-0.0015580239014640219
1435,-0.0009329902550390585
1436,0.0009421702935674248
1437,-0.0009329604503732619
1438,0.001078496834922048
1439,-0.0010693167963936815
1440,0.0012774131744499807
1441,-0.003768397526287271
1442,0.00031710684247666487
1443,0.00031713664714246145
1444,-0.0009329902550390585
1445,0.0007787215063377046
1446,0.0011056488854629478
1447,-0.0016192426850106746
1448,0.00021961578065529092
1449,0.00033606260992343867
1450,-6.221713911937599e-05
1451,-0.0004043747024667846
1452,-0.001089792601796089
1453,-0.00035731313517361275
1454,-0.0001164020215379832
1455,0.0005966448029849736
1456,-0.0015969785996604576
1457,0.00020611426704932932
1458,7.375174624568765e-05
1459,-0.0008139802245123829
1460,0.00031713664714246145
1461,-0.0006902908614556069
1462,-0.0011756896486225037
1463,-0.0003079268039482985
1464,-0.0003079268039482985
1465,-0.0003079268039482985
1466,0.0009422000982332214
1467,0.00031710684247666487
1468,-0.0028081209989797517
1469,0.00031710684247666487
1470,-0.0009329604503732619
1471,0.0021922673910831545
1472,-0.0009329604503732619
1473,0.00031710684247666487
1474,-0.0009329604503732619
1475,-0.0015580537061298185
1476,-0.0003079268039482985
1477,-0.0003079268039482985
1478,0.001567233744658191
1479,-0.0015580239014640219
1480,-0.0003079268039482985
1481,0.00031713664714246145
1482,-0.0003079268039482985
1483,0.0005915184004679239
1484,0.003167952930607625
1485,-0.0021830575478889915
1486,-0.0020667001326182335
1487,0.0008257830736308701
1488,-0.0009329604503732619
1489,-0.0009329902550390585
1490,-0.0003079268039482985
1491,-0.0003079268039482985
1492,0.00031713664714246145
1493,-0.0003079268039482985
1494,-0.0003079268039482985
1495,0.00031710684247666487
1496,-0.0003079268039482985
1497,0.0021922673910831545
1498,-0.0021830575478889915
1499,5.041469292677975e-05
1500,-4.123465439841964e-05
1501,-0.0021830575478889915
1502,0.0015672039399923943
1503,-0.0015580239014640219
1504,-0.0009329604503732619
1505,-0.0003079268039482985
1506,-0.0003079268039482985
1507,-0.0003079268039482985
1508,0.0007992867257375022
1509,0.0017100875078223108
1510,-0.0028081209989797517
1511,-0.0003079268039482985
1512,-0.0009329604503732619
1513,-0.0009329902550390585
1514,-0.0003079268039482985
1515,0.00031713664714246145
1516,0.00031710684247666487
1517,-0.0003079268039482985
1518,-0.0003079268039482985
1519,0.002485545302523791
1520,-0.0024763354593296287
1521,-0.0003079268039482985
1522,-0.0003079268039482985
1523,0.00031710684247666487
1524,-0.0003079268039482985
1525,-0.0003079268039482985
1526,-0.0003079268039482985
1527,0.00031713664714246145
1528,0.00031710684247666487
1529,-0.0015580239014640219
1530,-0.0003079268039482985
1531,0.0021922673910831545
1532,-0.0015580239014640219
1533,0.0009421702935674248
1534,-0.0003079268039482985
1535,-0.0009329604503732619
1536,-0.0003079268039482985
1537,0.004067398135023848
1538,-0.0028081209989797517
1539,-0.0003079268039482985
1540,-0.0016610288264578077
1541,-0.00020492187895451277
1542,-0.0015580239014640219
1543,0.0009421702935674248
1544,-0.0009329604503732619
1545,0.002103926361661398
1546,-0.004594940518164484
1547,0.001567233744658191
1548,-0.0009329902550390585
1549,-0.0003079268039482985
1550,0.001058497904172386
1551,-0.002299385158493953
1552,0.0009421702935674248
1553,0.00031710684247666487
1554,-0.004058218096495481
1555,0.002231162479947997
1556,-0.001582851188072767
1557,0.0015531659424020937
1558,-0.002183087352554788
1559,0.00031713664714246145
1560,-0.0009329902550390585
1561,-0.0009329604503732619
1562,0.00031710684247666487
1563,-0.0009329604503732619
1564,-0.0003079268039482985
1565,0.00031710684247666487
1566,-0.0003079268039482985
1567,-0.0003079268039482985
1568,-0.0021830575478889915
1569,-0.0003079268039482985
1570,0.00031710684247666487
1571,-0.0015580239014640219
1572,0.00031713664714246145
1573,-0.0009329902550390585
1574,0.00031713664714246145
1575,-0.0003079268039482985
1576,-0.0004737599644417606
1577,-0.0007671570945455901
1578,-0.0003079268039482985
1579,-0.0015580239014640219
1580,0.000558941900752002
1581,-0.002424892606164329
1582,-0.0003079268039482985
1583,-0.0003079268039482985
1584,-0.00013398677435810013
1585,-0.0006242437220498709
1586,-0.001415647012952648
1587,0.00031710684247666487
1588,-0.0009329604503732619
1589,-0.0003079268039482985
1590,-0.0003079268039482985
1591,-0.0003079268039482985
1592,-0.0003079268039482985
1593,-0.0003079268039482985
1594,-0.0003079268039482985
1595,-0.0008363337238599961
1596,0.00022048011596339904
1597,-0.0003079268039482985
1598,0.00031710684247666487
1599,-0.0003079268039482985
1600,-0.00032479624478929037
1601,-0.00029105736310730665
1602,-0.0009329604503732619
1603,-0.0003079268039482985
1604,-0.0003079268039482985
1605,-0.0003079268039482985
1606,0.0021922673910831545
1607,0.001567233744658191
1608,-0.0015580239014640219
1609,-0.002183087352554788
1610,-0.0009329902550390585
1611,0.0014149617071022712
1612,0.00041540263027455384
1613,-0.00015160133184401997
1614,-0.0004892583906561081
1615,-0.0008539780860117061
1616,-0.0009329902550390585
1617,0.0009422000982332214
1618,-0.0009329902550390585
1619,0.00031713664714246145
1620,-0.0003240809328101653
1621,-0.0015418995772679457
1622,-0.0003079268039482985
1623,0.00031713664714246145
1624,0.00031713664714246145
1625,-0.0013805371166440011
1626,-0.00048544339343411597
1627,0.00031713664714246145
1628,0.00031713664714246145
1629,-0.0009329902550390585
1630,0.001440772547682311
1631,-0.002056626155578908
1632,0.00031713664714246145
1633,-0.002183087352554788
1634,0.0009421702935674248
1635,-0.003060715541607743
1636,0.0018197984826203795
1637,0.00028950772194881566
1638,-0.0009053613298454126
1639,-0.0003079268039482985
1640,-0.0003079268039482985
1641,-0.0003079268039482985
1642,-0.0003079268039482985
1643,-0.0003079268039482985
1644,0.00031713664714246145
1645,0.00031713664714246145
1646,-0.0003079268039482985
1647,-0.0003079268039482985
1648,-0.0003079268039482985
1649,-0.0003079268039482985
1650,-0.0009329902550390585
1651,0.0009452997834760947
1652,-0.0009360899402819255
1653,-0.0009329902550390585
1654,0.00031713664714246145
1655,-0.0009329902550390585
1656,-0.0003079268039482985
1657,0.0021922673910831545
1658,-0.0003079268039482985
1659,-0.0003079268039482985
1660,-0.0028081209989797517
1661,0.001567233744658191
1662,-0.0009329902550390585
1663,-0.0009329604503732619
1664,-0.0009329902550390585
1665,-0.0003079268039482985
1666,0.001567233744658191
1667,0.0009421702935674248
1668,-0.0009329902550390585
1669,0.00031713664714246145
1670,-0.00020274613835134718
1671,0.0008369896279704734
1672,-0.0003079268039482985
1673,0.0015672039399923943
1674,-0.0003079268039482985
1675,0.0006390270377480388
1676,0.0008339197473934032
1677,-0.0005215666483798541
1678,-0.0003079268039482985
1679,0.00031710684247666487
1680,0.00025237110836598626
1681,-0.0008682247162625832
1682,-0.0009329604503732619
1683,-0.0003079268039482985
1684,-0.0003079268039482985
1685,0.002960124996006447
1686,-0.0021108706473291082
1687,0.001977256532024948
1688,-0.002183087352554788
1689,-0.0009329604503732619
1690,0.0017912456127870382
1691,0.00321832281580424
1692,-0.004058218096495481
1693,0.00031713664714246145
1694,0.0009407396696091809
1695,-0.0003932575621245712
1696,-0.00022116542181378193
1697,-0.0003079268039482985
1698,0.00031710684247666487
1699,-0.0009329604503732619
1700,0.0021986455895636743
1701,-0.0048442863522206265
1702,0.004224170677115082
1703,-0.00029028244179658835
1704,-0.000501835959622362
1705,-0.001840154867896655
1706,0.0010058628643752157
1707,0.0003433647530436539
1708,0.0005983436689353932
1709,0.00018736713226313805
1710,-0.0013322833627189645
1711,-0.0021939362509048256
1712,0.00031710684247666487
1713,-0.0009329604503732619
1714,0.00031710684247666487
1715,0.0014657190529542424
1716,-0.0002669155838118838
1717,-0.00031054961453841806
1718,2.2338697746184668e-05
1719,-0.0030460814507015034
1720,0.003244670140368619
1721,-0.0002242949117224455
1722,-0.0002490327843338007
1723,-0.006647438828262018
1724,0.00044252487614965084
1725,0.00392683933112608
1726,-0.003302997669870035
1727,-0.0009329604503732619
1728,-0.0028081209989797517
1729,-0.0015580239014640219
1730,0.0009421702935674248
1731,0.002817301037508118
1732,0.001567233744658191
1733,-0.002183087352554788
1734,0.00031713664714246145
1735,-0.0009329902550390585
1736,-0.0003079268039482985
1737,-0.0021830575478889915
1738,-0.0003079268039482985
1739,0.0021922673910831545
1740,-0.0003079268039482985
1741,0.00031710684247666487
1742,-0.0009329604503732619
1743,0.0026979333509918827
1744,-0.0026887533124635163
1745,0.0025116839944276
1746,0.00040243760065293755
1747,-0.004462935653350402
1748,0.00031710684247666487
1749,-0.0009329604503732619
1750,-0.0009329902550390585
1751,-0.0003079268039482985
1752,0.004621407262855009
1753,-0.0001961593072102509
1754,-0.000322680113517718
1755,0.0002277524544178175
1756,-0.00274469667016413
1757,-0.0009329604503732619
1758,-0.0034331844500705114
1759,0.0015672039399923943
1760,-0.0003079268039482985
1761,-0.0059333488404361735
1762,0.005942558683630338
1763,-0.0009329902550390585
1764,0.00031713664714246145
1765,-0.0009329902550390585
1766,0.0009422000982332214
1767,-0.0009329902550390585
1768,-0.0003079268039482985
1769,0.0055609695474337405
1770,-0.006801886606421097
1771,0.002817330842173914
1772,-0.0009329604503732619
1773,-0.0003079268039482985
1774,0.00031710684247666487
1775,0.0035494526528068314
1776,-0.0054154033582191575
1777,0.00031713664714246145
1778,-0.0009329902550390585
1779,0.005549107290446613
1780,-0.005539897447252442
1781,-0.0003079268039482985
1782,-0.0009329902550390585
1783,-0.0003079268039482985
1784,-0.002183087352554788
1785,0.00903413705740216
1786,-0.00902492721420799
1787,0.001567233744658191
1788,-0.0003079268039482985
1789,0.008138029975555176
1790,-0.007662615549967264
1791,-0.001399194837432809
1792,-0.0009329902550390585
1793,0.00031713664714246145
1794,0.0009421702935674248
1795,0.0032955467048837827
1796,-0.00453646376387114
1797,-0.0009329604503732619
1798,0.0009421702935674248
1799,-0.0003079268039482985
1800,-0.0003079268039482985
1801,-0.0015580239014640219
1802,-0.0003079268039482985
1803,-0.0009329902550390585
1804,0.00031713664714246145
1805,0.0009421702935674248
1806,-0.0015580239014640219
1807,0.0009421702935674248
1808,-0.0009329902550390585
1809,-0.0009329604503732619
1810,0.006074444329781234
1811,-0.005440200840162107
1812,-0.0003079268039482985
1813,-0.0009329902550390585
1814,0.00031713664714246145
1815,-0.0009329902550390585
1816,0.012509390893976353
1817,-0.009999986855750733
1818,0.00031710684247666487
1819,-0.0009329604503732619
1820,0.00031710684247666487
1821,-0.0003079268039482985
1822,-0.0003079268039482985
1823,-0.0009329604503732619
1824,0.0034423644885988843
1825,0.0070988306932177015
1826,-0.010839941947236512
1827,-0.0003079268039482985
1828,0.005942558683630338
1829,0.002817330842173914
1830,0.00031713664714246145
1831,-0.010308733388739914
1832,0.017079459519264876
1833,-0.008319569993460616
1834,0.002817330842173914
1835,0.006798876536638573
1836,-0.007414730144535169
1837,-0.0003079268039482985
1838,0.002817301037508118
1839,0.002817330842173914
1840,0.002817301037508118
1841,0.007668397856594798
1842,-0.007659188013400628
1843,-0.0009329902550390585
1844,0.005942588488296134
1845,0.008942428100745366
1846,-0.0064330538671855415
1847,0.01207072582277886
1848,-0.006436093943096815
1849,0.010017959270689157
1850,0.011930405456207459
1851,-0.004120658871339802
1852,-0.0003079268039482985
1853,-0.0034331844500705114
1854,-0.0003079268039482985
1855,0.0009421702935674248
1856,0.001567233744658191
1857,0.002817330842173914
1858,0.030944530438610694
1859,-0.02530989855892865
1860,-0.006558412291526934
1861,-0.0003079268039482985
1862,0.025201320362893808
1863,-0.003940459861932269
1864,0.010630415348147865
1865,-0.01595764150187568
1866,0.007528673583339336
1867,-0.009683640132983357
1868,-0.0003079268039482985
1869,-0.0028081209989797517
1870,0.01570036782818054
1871,-0.016941284887167903
1872,0.002817330842173914
1873,-0.0034331844500705114
1874,-0.0003079268039482985
1875,-0.0034331844500705114
1876,0.005942588488296134
1877,0.00906778652508676
1878,-0.0003079268039482985
1879,-0.012808897779105577
1880,0.002817330842173914
1881,-0.0034331844500705114
1882,0.002817330842173914
1883,-0.0003079268039482985
1884,0.014931884325275513
1885,-0.0016632939810583692
1886,-0.014192370756062039
1887,-0.0003079268039482985
1888,-0.0003079268039482985
1889,-0.0034331844500705114
1890,0.002817330842173914
1891,-0.0034331844500705114
1892,0.002817330842173914
1893,-0.0034331844500705114
1894,0.002817330842173914
1895,-0.0003079268039482985
1896,-0.0003079268039482985
1897,-0.0034331844500705114
1898,-0.0003079268039482985
1899,-0.0003079268039482985
1900,0.002817330842173914
1901,-0.0034331844500705114
1902,0.015318301817331197
1903,-0.0034331844500705114
1904,0.002817330842173914
1905,0.005942558683630338
1906,-0.0003079268039482985
1907,-0.0034331546454047152
1908,-0.0003079268039482985
1909,0.002817301037508118
1910,-0.0003079268039482985
1911,0.0108517746010208
1912,-0.0114676282089174
1913,-0.0003079268039482985
1914,0.002817330842173914
1915,0.01013100836805647
1916,-0.010746861975953068
1917,-0.0003079268039482985
1918,0.012170660867195569
1919,-0.00653602898751353
1920,0.012697607358483225
1921,-0.010188203320257605
1922,-0.0034331844500705114
1923,0.002817330842173914
1924,0.007854706822490672
1925,0.000422615359397379
1926,-0.0011043670833707352
1927,-0.008404662314310519
1928,-0.0034331844500705114
1929,0.002817330842173914
1930,-0.0003079268039482985
1931,-0.0003079268039482985
1932,0.00789151558474974
1933,-0.0005973897181669432
1934,0.0070372542536814835
1935,-0.0003355259244761415
1936,-0.002104134792859029
1937,-0.0002856329139322847
1938,-0.00019365571528332255
1939,-0.0011013270074594554
1940,-0.0012810789468800379
1941,0.005383363543950534
1942,-0.0009334671296918045
1943,2.5050922333695627e-05
1944,0.0012725550139251005
1945,-0.0011404903383164672
1946,0.0004900037087639753
1947,-1.1787644591167632e-05
1948,0.00015315137592839597
1949,2.2785767733133936e-05
1950,-0.0022377789142919375
1951,0.009800921694356767
1952,-0.00021499585599383828
1953,0.0028387305922160295
1954,-0.031560384046507295
1955,-0.0003079268039482985
1956,0.03406978808473291
1957,0.005942528878964541
1958,0.002817330842173914
1959,-0.0003079268039482985
1960,0.011895653215888377
1961,-0.009386249177662755
1962,-0.0003079268039482985
1963,0.018443559463453416
1964,0.002817271232842321
1965,0.002817330842173914
1966,0.002817330842173914
1967,-0.0003079268039482985
1968,0.0283127784487521
1969,-0.0008014324602119255
1970,0.017851817628723485
1971,-0.0028414426153405893
1972,0.005942588488296134
1973,0.002817330842173914
1974,-0.0003079268039482985
1975,0.009080364094053012
1976,-0.009696217701949611
1977,0.002817271232842321
1978,0.002817330842173914
1979,-0.0034331844500705114
1980,-0.006558382486861137
1981,-0.0034331844500705114
1982,0.002817330842173914
1983,0.005942528878964541
1984,-0.0003079268039482985
1985,0.0026734339157069003
1986,-0.0032892875236034975
1987,-0.0003079268039482985
1988,0.01049554923541729
1989,-0.004860887551069448
1990,-0.013875487549310325
1991,0.010134376295291509
1992,-0.0003079268039482985
1993,0.0024985401368112043
1994,-0.003114393744707801
1995,0.008294057401001496
1996,0.0004658619294685588
1997,-0.0034331844500705114
1998,-0.0003079268039482985
1999,0.002817330842173914
2000,0.005942528878964541
2001,0.002817330842173914
2002,-0.0003079268039482985
2003,0.016106873664983277
2004,-0.026098440601914935
2005,0.036282307645493526
2006,-0.030647705570477284
2007,0.018443559463453416
2008,0.005942588488296134
2009,-0.0003079268039482985
2010,0.005942528878964541
2011,-0.0003079268039482985
2012,0.04969601670601241
2013,0.017837272951814646
2014,0.028425559304127247
2015,0.07450100942474162
2016,0.0030142800737592576
2017,0.002817330842173914
2018,-0.0003079268039482985
2019,-0.0034331844500705114
2020,0.002817330842173914
2021,-0.019059413071350013
2022,-0.0003079268039482985
2023,-0.0034331844500705114
2024,0.002817330842173914
2025,0.040972667901937994
2026,-0.019711777596310657
2027,0.015318301817331197
2028,0.002817271232842321
2029,-0.0034331248407389182
2030,0.03163522376378604
2031,-0.010374393067490294
2032,-0.0003079268039482985
2033,-0.012808897779105577
2034,0.018443559463453416
2035,-0.019059413071350013
2036,-0.0003079268039482985
2037,0.005942588488296134
2038,-0.00655844209619273
2039,0.02973756069250295
2040,-0.03035341430039955
2041,0.015318301817331197
2042,-0.015934155425227796
2043,-0.0003079268039482985
2044,-0.025309868754262853
2045,0.02946902065367367
2046,-0.036335389553814705
2047,-0.04406135502166457
2048,-0.0003079268039482985
2049,-0.00655844209619273
2050,0.01596327478517423
2051,-0.03727960136625774
2052,-0.03586185302363494
2053,-0.0003079268039482985
2054,-0.206574156526704
2055,0.03137204856480018
2056,-0.03198790217269678
2057,0.018443559463453416
2058,0.012193044171208978
2059,0.030944530438610694
2060,-0.0003079268039482985
2061,-0.0003079268039482985
2062,-0.0003079268039482985
2063,-0.031560384046507295
2064,-0.0003079268039482985
2065,0.04969601670601241
2066,0.010165850022372943
2067,-0.010781703630269542
2068,-0.0003079268039482985
2069,-0.00655844209619273
2070,0.005942588488296134
2071,-0.0003079268039482985
2072,-0.00655844209619273
2073,0.024694074755697848
2074,0.024694015146366256
2075,0.08948542437275256
2076,0.002240491340342401
2077,0.0011076756027371304
2078,-0.0003079268039482985
2079,-0.0003079268039482985
2080,0.01685318249653547
2081,-0.017469036104432067
2082,0.005942588488296134
2083,-0.00655844209619273
2084,-0.0003079268039482985
2085,0.02363976450780139
2086,-0.018005102823453547
2087,0.013858528895934887
2088,-0.020724897796075923
2089,-0.0003079268039482985
2090,0.02099752127558232
2091,-0.021613374883478916
2092,-0.0003079268039482985
2093,-0.0003079268039482985
2094,-0.00655844209619273
2095,0.016700224951666228
2096,-0.01731607855956283
2097,-0.0003079268039482985
2098,0.02971413422518666
2099,-0.0021291707121283508
2100,0.01866298141304955
2101,0.004368365650240068
2102,0.00012632717671126503
2103,0.005129219158701106
2104,0.002846956679975946
2105,-0.002178527238687874
2106,-0.015558139761535198
2107,0.007431987247494476
2108,-0.008047840855391073
2109,-0.00655844209619273
2110,-0.00655844209619273
2111,-0.0003079268039482985
2112,-0.01905935346201842
2113,-0.00655844209619273
2114,-0.00655844209619273
2115,0.02257687051615544
2116,-0.004441237856650322
2117,-0.0003079268039482985
2118,-0.0003079268039482985
2119,-0.012808897779105577
2120,0.015485684820446096
2121,0.007430735451531011
2122,-0.0065482489004902245
2123,-0.00022018186784248102
2124,0.0018899884705718766
2125,-0.00510844510517778
2126,-0.021335535788921025
2127,0.006490457854973155
2128,-0.02273254008414925
2129,-0.0003079268039482985
2130,-0.009683640132983357
2131,-0.050311870313909005
2132,-0.006558382486861137
2133,-0.0034331844500705114
2134,0.013310421091931495
2135,0.0017965806479646642
2136,-0.012905524505618842
2137,0.00906778652508676
2138,-0.0003079268039482985
2139,0.030944530438610694
2140,0.032701396268669636
2141,0.004185722658237195
2142,-0.0034331844500705114
2143,0.001616560466551912
2144,-0.020983900341850225
2145,-0.0003079268039482985
2146,0.005400680054778481
2147,0.009609694958604413
2148,-0.0034331844500705114
2149,-0.006558382486861137
2150,-0.0003079268039482985
2151,0.00031707703781086823
2152,-0.0009329306457074654
2153,0.002817271232842321
2154,-0.0034331248407389182
2155,-0.0034331844500705114
2156,0.002817330842173914
2157,-0.0034331844500705114
2158,-0.0003079268039482985
2159,-0.0003079268039482985
2160,0.0022562282038831147
2161,-0.002872081811779712
2162,-0.04406135502166457
2163,-0.00655844209619273
2164,-0.0003079268039482985
2165,-0.009683640132983357
2166,0.00906778652508676
2167,0.002817330842173914
2168,-0.0003079268039482985
2169,-0.0003079268039482985
2170,0.02297172272863162
2171,0.002908831166170131
2172,-0.014303363331489375
2173,-0.00655844209619273
2174,0.021376696233849378
2175,-0.0051454028907658295
2176,-0.017155073754928443
2177,-0.0034331248407389182
2178,0.002817271232842321
2179,0.00031713664714246145
2180,0.02232627288613584
2181,-0.029817645628036044
2182,-0.0003079268039482985
2183,0.005942528878964541
2184,0.002817330842173914
2185,0.01883191425878589
2186,-0.019447767866682487
2187,-0.0003079268039482985
2188,-0.0034331844500705114
2189,0.002817330842173914
2190,0.03070746412686284
2191,-0.03132331773475944
2192,0.005942588488296134
2193,-0.0003079268039482985
2194,-0.0034331844500705114
2195,0.018697852872031823
2196,-0.01931370647992842
2197,0.021998540781034085
2198,-0.022614394388930682
2199,-0.0003079268039482985
2200,0.016190207510551165
2201,-0.016806061118447763
2202,-0.0003079268039482985
2203,-0.0003079268039482985
2204,-0.0003079268039482985
2205,0.01995471562868343
2206,-0.020570569236580027
2207,-0.0003079268039482985
2208,-0.0003079268039482985
2209,0.03406978808473291
2210,0.0009813634290902335
2211,-0.0015972170369868306
2212,-0.03468564169262951
2213,-0.0003079268039482985
2214,-0.0003079268039482985
2215,0.01990214019821785
2216,-0.011142280477079382
2217,-0.0034331248407389182
2218,0.00873248403487261
2219,-0.015598852935013646
2220,0.012488169971929019
2221,-0.003995658102987968
2222,0.0014522771486798803
2223,-0.0021400792198099875
2224,0.003325321566014798
2225,-0.000845483756259614
2226,-0.015565292881326437
2227,0.002817330842173914
2228,0.012193044171208978
2229,-0.0003079268039482985
2230,0.003566977796295355
2231,-0.0035577679531011925
2232,-0.0009329902550390585
2233,-0.0003079268039482985
2234,0.005942588488296134
2235,0.0017735714459695255
2236,0.0024718351562572597
2237,-0.0004983190090583361
2238,0.002182968335354547
2239,-0.0007194696292706893
2240,0.0028885043840967063
2241,-0.004996856436434512
2242,0.0019349339065934698
2243,-0.0015580537061298185
2244,0.0021922673910831545
2245,-0.00358930128951422
2246,0.0026346282408394543
2247,0.0006559560879206302
2248,-0.0003079268039482985
2249,0.0009422000982332214
2250,-0.0013915648429888247
2251,0.0007757112350922276
2252,0.0009421404889016281
2253,0.00031713664714246145
2254,-0.0003079268039482985
2255,-0.002798225849935212
2256,0.003432499144220135
2257,0.0009421404889016281
2258,0.00031713664714246145
2259,0.0009421404889016281
2260,0.0013109434234713942
2261,-0.0019267970313679914
2262,0.0009422000982332214
2263,0.0034423346839330873
2264,-0.0003535279426174173
2265,0.0015704228438984478
2266,0.002784009225813077
2267,0.0010179039493571304
2268,-0.0015580537061298185
2269,-0.0009329306457074654
2270,0.0007133002649136975
2271,-7.908657996037411e-05
2272,-0.0009329902550390585
2273,0.0007501984411701539
2274,-0.00011592514688523108
2275,-0.001857352160061416
2276,0.003741692747196278
2277,0.00031713664714246145
2278,0.00031713664714246145
2279,-0.0003079268039482985
2280,0.0022094944879137123
2281,-0.00032515390077885603
2282,-0.0003079268039482985
2283,0.0009421404889016281
2284,0.0006417690670013465
2285,-0.00506814919702049
2286,0.004752726620355769
2287,-0.0009329902550390585
2288,0.00031713664714246145
2289,-0.0009329902550390585
2290,-0.0007170852560069475
2291,0.001351298940960277
2292,-0.0009329306457074654
2293,0.00031707703781086823
2294,-0.0009329306457074654
2295,-0.0011828725730795386
2296,0.0024421497091236346
2297,-0.0009329902550390585
2298,3.184638613536818e-05
2299,0.0034202792312434467
2300,-0.003921861750475061
2301,0.0023632865634252652
2302,-0.0009329902550390585
2303,-0.0003079268039482985
2304,0.0015105154656468527
2305,0.0007015572265897551
2306,-0.0025107896529907433
2307,-0.0009329902550390585
2308,0.00031713664714246145
2309,-0.0009329902550390585
2310,0.004518581165856003
2311,-0.0032593040298119066
2312,0.0013868857119216762
2313,0.0006652551436492373
2314,-0.0023508578163250493
2315,0.005794459299285975
2316,-0.0070353763582733314
2317,-0.0009329306457074654
2318,0.00031707703781086823
2319,-0.0009329306457074654
2320,0.0009747467932833405
2321,0.0001959508760126202
2322,-0.0020944780811408626
2323,-0.0003079268039482985
2324,-0.0015580537061298185
2325,0.0006349736031996737
2326,0.0003691755936236935
2327,-0.005053187254790488
2328,-0.0003079268039482985
2329,-0.0003079268039482985
2330,-0.0006819157503667073
2331,6.606214247011033e-05
2332,-0.001064965315187344
2333,0.00044911170729074716
2334,0.0009422000982332214
2335,0.00032619726554468956
2336,0.001901910336890605
2337,0.0014807107998500411
2338,-0.004940525618078536
2339,0.0015672039399923943
2340,0.007064734155546147
2341,-0.004555330117320523
2342,-0.0015580537061298185
2343,0.00719271539047766
2344,-0.0003079268039482985
2345,0.015970845170286622
2346,-0.00408572780302594
2347,0.00031713664714246145
2348,-0.0009329902550390585
2349,0.002817330842173914
2350,0.006919823870442041
2351,-0.006563806936036159
2352,-0.001279797346250777
2353,-0.0003079268039482985
2354,0.0015672039399923943
2355,-0.0007425980499290146
2356,0.0013768117348823506
2357,0.00031713664714246145
2358,-0.0009329902550390585
2359,0.00031713664714246145
2360,0.002019042673472075
2361,0.0008015220756722672
2362,-0.003119281709898478
2363,0.004686202606297281
2364,-0.009677381153166024
2365,0.010069998217170395
2366,-0.0013101384960319277
2367,0.002817330842173914
2368,0.00031713664714246145
2369,0.0021922673910831545
2370,0.0018992875263004836
2371,0.003735314548715758
2372,0.0015858616607811959
2373,-0.002201715268677793
2374,-0.0021162354871725373
2375,0.005510063178252787
2376,0.0019329071893192874
2377,0.002817330842173914
2378,-0.0003079268039482985
2379,-0.0003079268039482985
2380,0.002507958411202998
2381,0.003126643663813244
2382,-0.0003079268039482985
2383,0.0015672039399923943
2384,0.0017903812774789302
2385,-0.0031035448463577636
2386,0.007890025351459896
2387,-0.0003079268039482985
2388,0.002817271232842321
2389,-0.0003079268039482985
2390,0.003397150810585115
2391,-0.0008877467723594929
2392,0.002817330842173914
2393,0.002817330842173914
2394,0.002817330842173914
2395,0.0009375505703689179
2396,-0.002134773989298152
2397,0.0008984468488434992
2398,-0.0003079268039482985
2399,0.003932561826959068
2400,-0.002408321211981303
2401,5.2173168208792696e-05
2402,-0.0003079268039482985
2403,0.0006988151973364476
2404,-0.0013146688052330447
2405,-0.00045259865172602457
2406,0.0004618084949201937
2407,-0.0003079268039482985
2408,0.0034423942932646804
2409,0.0009421404889016281
2410,0.0037617214826117366
2411,0.002498003652826865
2412,0.0009421404889016281
2413,0.0015672039399923943
2414,0.002817330842173914
2415,-0.00202843094173512
2416,0.005787961882142268
2417,0.0015672039399923943
2418,0.002817330842173914
2419,-0.0003079268039482985
2420,0.008321418084202965
2421,0.0066889569291799286
2422,0.005942528878964541
2423,0.00031713664714246145
2424,0.0021922673910831545
2425,-0.003296023378073583
2426,0.011539725896942837
2427,0.003333488044443127
2428,0.002817330842173914
2429,-0.0034331844500705114
2430,0.0034177160299849185
2431,0.005788140710137049
2432,0.002069829823989849
2433,0.003118834841374474
2434,-0.0003079268039482985
2435,0.0006980998853573226
2436,0.008061819445112726
2437,-0.0003079268039482985
2438,0.005942528878964541
2439,-0.0062348826443025295
2440,0.0056096703713457334
2441,-0.005531492531497741
2442,0.004924997588661344
2443,-0.0003079268039482985
2444,0.0021922673910831545
2445,0.001267190174081672
2446,-0.0012579803308875091
2447,0.002817330842173914
2448,-0.0003079268039482985
2449,0.002817330842173914
2450,-0.0006165839229400901
2451,0.003125928351834119
2452,0.002817330842173914
2453,-0.0003079268039482985
2454,-0.0003079268039482985
2455,0.0004711075506487947
2456,0.005163554133699034
2457,0.0013247727884011125
2458,0.0061850196398874095
2459,-0.0033762575383986027
2460,0.00030151900226493383
2461,-0.0024267404954437318
2462,0.001615308670588448
2463,-0.002653852048815446
2464,0.00031707703781086823
2465,-0.001991830812136636
2466,0.0007509733624808724
2467,0.004577773232128473
2468,-0.0027046391993332136
2469,0.0009853572543070113
2470,-0.0006677883387790169
2471,-0.000605138931274114
2472,0.002817330842173914
2473,0.00031713664714246145
2474,0.0009272977653348187
2475,-0.00035501817590726073
2476,-0.0002459927084225269
2477,0.00031713664714246145
2478,0.00031713664714246145
2479,0.00031713664714246145
2480,-0.007933808204052463
2481,0.006692891145065107
2482,-0.0003079268039482985
2483,0.0036943033285793438
2484,-0.0018099627414444814
2485,0.0021922673910831545
2486,-0.0003079268039482985
2487,0.0009422000982332214
2488,-0.0003079268039482985
2489,0.0016231174930272116
2490,-0.007301472414507278
2491,0.0035044476074536446
2492,-0.0003079268039482985
2493,-0.0003079268039482985
2494,-0.0009329902550390585
2495,-0.004469909945146854
2496,0.0063542505322817175
2497,-0.0009329306457074654
2498,0.0016533394241451823
2499,0.0014810684558396005
2500,-0.0008977611400672251
2501,-0.002420243078300025
2502,-0.0007310338395998521
2503,-0.0016557534006117751
2504,0.0017850164376355018
2505,0.002410974028700166
2506,-0.0011087781739086598
2507,-0.0035960967533158928
2508,0.0009421404889016281
2509,0.00031713664714246145
2510,0.002162641553281123
2511,-0.0015284278683277868
2512,0.00031713664714246145
2513,-0.0003079268039482985
2514,0.0009422000982332214
