Ticker_Symbol,RF_1_Sign_Accuracy,RF_2_Sign_Accuracy,RF_3_Sign_Accuracy,RF_4_Sign_Accuracy,RF_5_Sign_Accuracy,GBT_1_Sign_Accuracy,GBT_2_Sign_Accuracy,GBT_3_Sign_Accuracy,GBT_4_Sign_Accuracy,GBT_5_Sign_Accuracy,GRNN_1_Sign_Accuracy,GRNN_2_Sign_Accuracy,GRNN_3_Sign_Accuracy,GRNN_4_Sign_Accuracy,GRNN_5_Sign_Accuracy,CNN_1_Sign_Accuracy,CNN_2_Sign_Accuracy,CNN_3_Sign_Accuracy,CNN_4_Sign_Accuracy,CNN_5_Sign_Accuracy,LSTM_1_Sign_Accuracy,LSTM_2_Sign_Accuracy,LSTM_3_Sign_Accuracy,LSTM_4_Sign_Accuracy,LSTM_5_Sign_Accuracy,CNN_LSTM_1_Sign_Accuracy,CNN_LSTM_2_Sign_Accuracy,CNN_LSTM_3_Sign_Accuracy,CNN_LSTM_4_Sign_Accuracy,CNN_LSTM_5_Sign_Accuracy,Transformer_1_Sign_Accuracy,Transformer_2_Sign_Accuracy,Transformer_3_Sign_Accuracy,Transformer_4_Sign_Accuracy,Transformer_5_Sign_Accuracy,RF_1_Profit_Loss,RF_2_Profit_Loss,RF_3_Profit_Loss,RF_4_Profit_Loss,RF_5_Profit_Loss,GBT_1_Profit_Loss,GBT_2_Profit_Loss,GBT_3_Profit_Loss,GBT_4_Profit_Loss,GBT_5_Profit_Loss,GRNN_1_Profit_Loss,GRNN_2_Profit_Loss,GRNN_3_Profit_Loss,GRNN_4_Profit_Loss,GRNN_5_Profit_Loss,CNN_1_Profit_Loss,CNN_2_Profit_Loss,CNN_3_Profit_Loss,CNN_4_Profit_Loss,CNN_5_Profit_Loss,LSTM_1_Profit_Loss,LSTM_2_Profit_Loss,LSTM_3_Profit_Loss,LSTM_4_Profit_Loss,LSTM_5_Profit_Loss,CNN_LSTM_1_Profit_Loss,CNN_LSTM_2_Profit_Loss,CNN_LSTM_3_Profit_Loss,CNN_LSTM_4_Profit_Loss,CNN_LSTM_5_Profit_Loss,Transformer_1_Profit_Loss,Transformer_2_Profit_Loss,Transformer_3_Profit_Loss,Transformer_4_Profit_Loss,Transformer_5_Profit_Loss
AUDSGD=X,50.44141252006421,50.40128410914928,50.48154093097913,51.32423756019262,53.49117174959872,83.70786516853933,70.78651685393258,68.13804173354735,66.53290529695025,72.1107544141252,56.46067415730337,51.84590690208668,48.154093097913325,51.16372391653291,50.20064205457464,50.80256821829856,51.00321027287319,50.28089887640449,50.24077046548957,50.24077046548957,50.68218298555377,49.919743178170144,50.32102728731942,50.60192616372392,50.24077046548957,50.24077046548957,49.67897271268058,50.24077046548957,50.24077046548957,50.24077046548957,,,,,,0.315339982509613,0.2887600064277649,0.3196799159049988,0.8365254998207092,1.5627188682556152,7.045209884643555,5.269554138183594,4.874889373779297,4.449590682983398,5.479269504547119,1.8223525285720823,0.3705596327781677,-0.2693186402320862,-0.0204942822456359,-0.186342179775238,0.3280602097511291,0.3677961230278015,0.2214400172233581,0.1832000613212585,0.1832000613212585,0.1744998097419738,0.102979838848114,0.1031401753425598,0.3957400918006897,0.1832000613212585,0.1832000613212585,-0.1832000613212585,0.1832000613212585,0.1832000613212585,0.1832000613212585,,,,,
AUDUSD=X,49.59839357429719,51.00401606425703,54.8995983935743,50.80321285140562,51.32530120481928,86.46586345381526,80.92369477911646,68.83534136546184,70.92369477911646,78.63453815261045,48.11244979919679,73.4136546184739,49.07630522088353,69.39759036144578,67.8714859437751,50.92369477911647,49.437751004016064,49.437751004016064,50.44176706827309,51.08433734939759,50.36144578313253,51.36546184738956,50.36144578313253,51.24497991967871,49.83935742971888,50.92369477911647,51.52610441767068,50.401606425702816,49.437751004016064,49.437751004016064,,,,,,0.2001055479049682,0.6674315929412842,2.0465893745422363,0.7276664972305298,0.8220217227935791,7.5446977615356445,6.860199928283691,4.897404193878174,5.342616081237793,6.552202224731445,-0.331122875213623,5.784644603729248,-0.1742885112762451,5.299290180206299,4.699855804443359,0.3185985088348388,0.1011700630187988,0.1011700630187988,0.3478612899780273,0.3643190860748291,-0.1011700630187988,0.4161783456802368,-0.1011700630187988,0.4447625875473022,0.2351114749908447,0.4051780700683594,0.3774043321609497,0.2362520694732666,0.1011700630187988,0.1011700630187988,,,,,
BDT=X,52.23820943245404,50.11990407673861,53.27737809752199,50.83932853717026,52.51798561151079,65.26778577138289,73.46123101518785,72.18225419664267,67.06634692246203,70.14388489208633,57.95363709032774,45.56354916067146,49.52038369304556,57.59392486011191,44.36450839328538,49.5603517186251,54.99600319744204,47.561950439648285,49.60031974420463,47.482014388489205,49.88009592326139,49.60031974420463,48.88089528377298,51.998401278976814,49.16067146282973,49.480415667466026,49.60031974420463,49.60031974420463,49.84012789768185,56.43485211830536,,,,,,284.607666015625,136.88552856445312,313.34149169921875,212.76133728027344,296.34771728515625,374.8831787109375,538.5365600585938,522.662109375,393.1810302734375,497.285400390625,206.7977600097656,-159.27392578125,-17.24034881591797,283.9540100097656,-28.87822723388672,3.2836837768554688,173.96234130859375,-41.89911651611328,42.47600555419922,-3.3160171508789062,53.90206146240234,42.47600555419922,46.60675811767578,80.64754486083984,20.0371322631836,40.33429718017578,42.47600555419922,42.47600555419922,-5.409355163574219,254.8062286376953,,,,,
CAD=X,58.209554395824966,51.50541951023685,64.51224407868325,58.490566037735846,51.58570855078282,75.43155359293456,66.55961461260537,70.73464472099559,71.73825772782016,64.39181051786431,69.5303091128061,49.57848253713368,48.81573665194701,49.97992773986351,66.92091529506222,50.62224006423123,51.06382978723404,50.863107185869126,51.3849859494179,51.86672019269369,51.144118827780005,51.06382978723404,52.14773183460457,51.06382978723404,52.58932155760738,51.06382978723404,51.06382978723404,48.89602569249297,51.06382978723404,51.10397430750703,,,,,,3.0917580127716064,0.5528995990753174,5.438798904418945,3.256919860839844,0.6238195896148682,8.033620834350586,6.014677047729492,7.160038948059082,7.553381443023682,5.632801055908203,6.864162445068359,-0.2363197803497314,-0.5709595680236816,-0.0846209526062011,6.134359359741211,0.0016801357269287,0.1029999256134033,0.0268399715423584,0.6242809295654297,0.4772195816040039,0.3925607204437256,0.1029999256134033,0.7951602935791016,0.1029999256134033,1.0338194370269775,0.1029999256134033,0.1029999256134033,-0.1029999256134033,0.1029999256134033,0.1334798336029052,,,,,
CHF=X,70.43722422783794,56.9995988768552,48.09466506217409,65.54352186121139,52.62735659847573,67.78981147212194,75.49137585238668,70.43722422783794,81.46811070998797,67.34857601283593,57.84195748094665,71.11913357400722,67.91014841556358,49.25792218210991,69.87565182511031,51.624548736462096,51.82511030886482,52.306458082631366,47.73365423184918,51.34376253509828,52.54713196951464,50.90252707581227,48.896911351785,47.69354191736864,55.99679101484155,52.18612113918974,47.69354191736864,48.65623746490172,56.27757721620538,48.53590052146009,,,,,,5.413124084472656,2.50442123413086,0.285089910030365,4.56209135055542,1.549577713012695,4.731362342834473,6.120985507965088,5.219473838806152,6.922258377075195,4.668702125549316,2.450554370880127,5.60312557220459,5.155197143554688,-0.0873252749443054,5.384202480316162,1.2488021850585938,0.4667901396751404,0.9596773982048036,0.1087899804115295,0.7115097641944885,0.7087501883506775,0.6454201340675354,0.0169124007225036,0.1025900244712829,1.47619891166687,-0.1025900244712829,0.1025900244712829,0.4037880301475525,1.89415442943573,0.2315859198570251,,,,,
CNY=X,60.89743589743589,58.49358974358975,56.20993589743589,57.85256410256411,55.52884615384615,57.171474358974365,58.333333333333336,65.14423076923077,58.77403846153846,67.38782051282051,58.09294871794872,52.24358974358975,51.28205128205128,48.71794871794872,59.09455128205128,47.67628205128205,48.11698717948718,49.9599358974359,47.47596153846153,47.67628205128205,50.881410256410255,49.318910256410255,50.80128205128205,50.12019230769232,47.67628205128205,49.318910256410255,47.67628205128205,49.318910256410255,49.318910256410255,47.67628205128205,,,,,,18.605701446533203,16.659513473510742,15.00531005859375,15.473902702331545,14.04849910736084,15.726106643676758,16.851301193237305,21.96530532836914,16.83350944519043,22.96189308166504,14.034497261047363,5.280900478363037,4.225496768951416,-0.4232983589172363,16.022109985351562,-0.8090996742248535,-0.3418984413146972,2.212297916412353,-0.4985013008117676,-0.7435011863708496,4.275902271270752,0.8090996742248535,3.035897731781006,3.634900569915772,-0.8090996742248535,0.8090996742248535,-0.8090996742248535,0.8090996742248535,0.8090996742248535,-0.8090996742248535,,,,,
CNYJPY=X,58.842443729903536,53.979099678456585,60.329581993569136,50.32154340836013,62.58038585209004,60.2491961414791,69.09163987138264,69.81511254019293,59.0032154340836,59.36495176848875,53.0144694533762,61.77652733118971,50.64308681672026,49.839228295819936,63.062700964630224,49.236334405144696,54.019292604501615,51.08520900321544,53.29581993569131,51.36655948553055,50.482315112540185,49.39710610932476,49.19614147909968,50.88424437299035,50.60289389067524,51.60771704180064,49.236334405144696,49.236334405144696,49.236334405144696,50.60289389067524,,,,,,75.60025024414062,41.448848724365234,83.17350769042969,11.757120132446287,90.09681701660156,77.85594177246094,123.17019653320312,121.69573974609376,70.51692962646484,70.14925384521484,23.56696319580078,83.46138000488281,10.322267532348633,-0.9638462066650392,89.14242553710938,-1.23699951171875,27.583372116088867,6.498064041137695,22.179031372070312,12.671533584594728,2.354682922363281,2.478082656860352,-1.4593658447265625,-1.6483421325683594,1.23699951171875,12.191274642944336,-1.23699951171875,-1.23699951171875,-1.350139617919922,1.23699951171875,,,,,
CNYUSD=X,55.28749497386409,56.05146763168476,53.156413349416965,52.5934861278649,56.57418576598311,60.63530357860877,59.58986731001207,66.06353035786088,59.34861278648975,63.44993968636912,61.60032167269803,46.964213912344185,53.035786087655815,59.06714917571371,48.89425010052272,50.22114997989545,54.00080418174508,50.743868114193816,47.96944109368717,49.01487736228388,51.99034981905911,50.542822677925216,50.140731805388015,51.7490952955368,49.93968636911942,47.80860474467229,49.37675914756735,48.331322878970646,49.01487736228388,49.336550060313634,,,,,,0.2680257558822632,0.2907542586326599,0.1819125264883041,0.1606733947992324,0.3018379211425781,0.3947458863258362,0.3679069876670837,0.4661173820495605,0.366508424282074,0.4390034675598144,0.3429388999938965,-0.0752397328615188,0.1192808598279953,0.2881944179534912,0.0273172408342361,0.0574171096086502,0.1764318197965622,0.0884668678045272,-0.0025618523359298,0.0486615747213363,0.0791717022657394,0.0769332200288772,0.070488229393959,0.1200411170721054,0.0232511907815933,-0.0168167501688003,0.0225316733121871,0.0359690934419631,0.0320483297109603,0.0180311650037765,,,,,
Cocoa,66.74107142857143,58.31473214285714,61.10491071428571,72.71205357142857,68.97321428571429,83.03571428571429,71.76339285714286,68.02455357142857,74.27455357142857,64.56473214285714,49.609375,49.55357142857143,48.270089285714285,50.55803571428571,51.5625,49.38616071428572,49.21875,49.38616071428572,49.27455357142857,49.16294642857143,51.28348214285714,47.04241071428572,49.94419642857143,49.832589285714285,53.40401785714286,48.99553571428572,49.330357142857146,49.38616071428572,48.939732142857146,49.051339285714285,,,,,,30085.0,16601.0,21389.0,38495.0,33375.0,46251.0,36455.0,31729.0,39585.0,26535.0,1327.0,-709.0,295.0,1493.0,5511.0,731.0,529.0,709.0,561.0,2165.0,6667.0,-4911.0,5605.0,4175.0,9809.0,-731.0,2387.0,731.0,-767.0,319.0,,,,,
Coffee,56.19047619047619,55.0140056022409,56.41456582633053,55.85434173669468,54.845938375350144,70.812324929972,62.01680672268908,70.47619047619048,72.3249299719888,72.38095238095238,48.4593837535014,48.62745098039216,48.739495798319325,49.97198879551821,50.7563025210084,50.86834733893557,51.1484593837535,50.700280112044815,50.25210084033613,49.91596638655462,49.2436974789916,49.523809523809526,51.20448179271708,51.20448179271708,50.86834733893557,49.2436974789916,50.19607843137255,48.96358543417367,50.02801120448179,48.96358543417367,,,,,,1018.7500610351562,893.8499755859375,1051.449951171875,944.4500122070312,861.5499267578125,2138.050048828125,1502.3499755859375,2152.550048828125,2231.64990234375,2310.5498046875,-29.54999542236328,-124.8499984741211,-104.4499969482422,28.2499942779541,117.85002136230467,302.3499755859375,295.75,255.74996948242188,188.15000915527344,168.44998168945312,9.35000228881836,117.25,283.9499816894531,278.14996337890625,210.8499755859375,9.35000228881836,198.75,-9.35000228881836,194.6499938964844,-9.35000228881836,,,,,
Corn,50.506186726659166,50.506186726659166,51.96850393700787,49.8875140607424,52.98087739032621,63.16085489313837,63.66704161979753,66.64791901012373,70.69741282339707,60.967379077615306,50.78740157480315,51.46231721034871,51.46231721034871,51.91226096737908,48.25646794150732,52.41844769403825,54.7244094488189,53.37457817772778,49.66254218222722,49.55005624296963,51.23734533183352,48.4251968503937,49.9437570303712,50.16872890888639,52.08098987626547,48.59392575928009,48.368953880764906,53.318335208098986,48.368953880764906,49.66254218222722,,,,,,869.5,908.5,1388.0,579.5,1765.5,3770.0,3842.0,4440.0,5122.5,3458.0,442.0,539.0,273.0,1024.5,-18.0,820.0,1308.5,1122.0,249.0,257.0,754.5,-234.5,382.0,365.0,880.0,-55.0,-249.0,606.0,-249.0,249.0,,,,,
Cotton,50.50391937290034,64.72564389697648,56.66293393057112,56.27099664053752,60.58230683090705,81.57894736842105,62.26203807390818,71.22060470324747,69.70884658454646,73.18029115341545,49.83202687569989,49.94400895856663,49.27211646136618,51.79171332586786,49.55207166853303,49.94400895856663,52.519596864501686,51.62374020156775,50.0,49.66405375139978,50.671892497200446,50.44792833146696,52.40761478163493,52.01567749160135,49.83202687569989,49.77603583426652,50.27995520716685,49.0481522956327,50.27995520716685,51.17581187010079,,,,,,58.23999786376953,666.9400024414062,331.9999694824219,307.41998291015625,523.0800170898438,1010.0199584960938,600.4599609375,852.5799560546875,814.1600341796875,897.2799682617188,-32.47999572753906,52.22000503540039,13.760004043579102,94.81999206542967,27.380001068115234,7.780006408691406,85.77999114990234,86.05998992919922,9.580005645751951,51.31999969482422,119.0199966430664,80.76000213623047,197.3600006103516,80.0,1.3000030517578125,1.1600017547607422,66.81999969482422,-1.1600017547607422,71.77999877929688,29.919998168945312,,,,,
EGP=X,49.98002397123452,49.94007191370356,49.700359568517776,49.780263683579705,49.98002397123452,54.25489412704755,50.179784258889335,50.13983220135837,50.33959248901319,49.98002397123452,48.86136636036756,51.57810627247304,50.25968837395126,50.57930483419896,50.57930483419896,51.178585697163406,50.01997602876548,49.820215741110665,50.219736316420295,50.37954454654414,49.30083899320815,51.89772273272073,49.460647223332,49.900119856172594,49.54055133839393,50.779065121853776,49.50059928086296,49.620455453455854,49.50059928086296,50.29964043148222,,,,,,51.88808441162109,50.82867431640625,47.589500427246094,49.48249816894531,50.48410034179688,74.23722076416016,54.62049865722656,55.56143569946289,54.648704528808594,51.8090934753418,-2.636323928833008,44.86359786987305,46.76966857910156,46.126983642578125,40.9786491394043,39.6132926940918,27.17506980895996,17.0722713470459,30.934005737304688,43.16193389892578,40.11656188964844,28.297666549682617,39.51089859008789,38.934661865234375,41.24934005737305,40.77181625366211,40.86089706420898,-42.870906829833984,40.86089706420898,41.66407012939453,,,,,
EUR=X,61.90667739340305,61.06194690265486,55.832662912308926,66.61303298471441,58.567980691874496,62.630732099758646,68.02091713596138,70.31375703942075,89.42075623491552,72.16411906677394,50.2815768302494,48.63234111021721,49.55752212389381,74.37650844730491,52.53419147224457,50.2815768302494,49.55752212389381,50.4827031375704,49.43684633950121,50.88495575221239,51.00563153660499,50.2413515687852,50.4827031375704,49.4770716009654,51.48833467417538,49.4770716009654,54.183427192276746,49.4770716009654,51.44810941271118,51.04585679806919,,,,,,3.281618595123291,3.2068004608154297,1.794315218925476,4.344424247741699,2.5571393966674805,3.4690051078796387,4.575727462768555,4.997687339782715,7.103632926940918,5.388266563415527,0.0343902111053466,-0.4889740943908691,-0.4097198247909546,5.8592448234558105,0.7391515970230103,-0.0594722032546997,0.0383399724960327,0.3954198360443115,0.0554620027542114,0.4744607210159302,0.6861001253128052,0.351972222328186,0.6195759773254395,0.0263999700546264,0.3744802474975586,0.0263999700546264,1.176258206367493,0.0263999700546264,0.5150002241134644,0.2261601686477661,,,,,
EURCHF=X,60.787464845319406,57.21173161912415,61.34993973483327,57.37243873041382,57.010847730012046,67.37645640819606,69.54600241060666,71.7557251908397,82.72398553635998,61.6311771795902,55.1627159501808,51.66733627963037,51.70751305745279,57.25190839694656,49.658497388509446,51.02450783447168,50.58256327842508,51.30574527922861,53.11370028123744,55.72519083969466,51.0646846122941,50.70309361189233,51.38609883487344,50.78344716753717,49.85938127762154,50.38167938931297,48.77460827641623,54.80112494977902,51.0646846122941,51.0646846122941,,,,,,2.385481834411621,1.667620062828064,2.464721918106079,1.6617802381515503,1.5325413942337036,3.543440341949463,3.7400989532470703,4.023421287536621,5.186862945556641,2.693620443344116,1.117100477218628,0.5255804061889648,0.2103207111358642,1.64788019657135,-0.0830210447311401,0.3667199611663818,0.2053205966949463,0.2194395065307617,0.6076610088348389,1.2517390251159668,0.1186800003051757,0.2040002346038818,0.2520599365234375,0.2383408546447754,0.2417001724243164,0.087299108505249,-0.1186800003051757,1.1893603801727295,0.1186800003051757,0.1186800003051757,,,,,
EURGBP=X,58.09562073121736,60.86781840096425,58.41703495379671,57.57332261952591,58.25632784250703,64.08196062675773,63.64001607071113,63.11771795901968,66.77380474085979,59.54198473282442,51.18521494576135,64.52390518280434,49.09602249899558,62.83648051426276,48.25231016472479,53.95741261550824,50.26114905584572,49.81920449979911,49.81920449979911,50.18079550020088,52.55122539172359,52.10928083567698,49.73885094415428,50.38167938931297,51.62715950180795,49.81920449979911,51.70751305745279,49.81920449979911,49.81920449979911,49.81920449979911,,,,,,2.394939661026001,3.378540515899658,2.7555408477783203,2.69473934173584,2.2693400382995605,3.968760251998901,3.696460485458374,3.782080173492432,4.344141006469727,2.631159782409668,0.0252602696418762,3.966100215911865,-0.1409401297569275,3.6249608993530273,0.0080804228782653,1.3523993492126465,0.0272199511528015,0.1120399832725524,-0.1120399832725524,-0.0268396735191345,0.6402999758720398,0.6230596899986267,-0.0670599341392517,0.2302003502845764,0.3980597853660583,0.1120399832725524,0.2240001559257507,-0.1120399832725524,0.1120399832725524,0.1120399832725524,,,,,
EURHUF=X,61.30068245684465,51.54556403050984,53.99437976716178,50.74267362505018,55.68044961862706,64.03050983540747,67.96467282215978,72.26013649136893,61.42111601766359,67.9245283018868,56.12203934162987,55.35929345644319,54.55640305098354,56.9650742673625,60.57808109193095,51.06382978723404,49.41790445604176,49.5383380168607,50.66238458450422,51.26455238859896,49.7792051384986,50.10036130068246,51.344841429144914,51.26455238859896,50.70252910477719,50.54195102368527,49.41790445604176,49.377759935768765,49.41790445604176,49.41790445604176,,,,,,1292.171875,541.329833984375,749.109619140625,414.4539794921875,875.9718017578125,1467.5013427734375,1671.003662109375,1905.221435546875,1255.5477294921875,1657.4913330078125,720.4349365234375,661.8815307617188,578.3615112304688,862.8013916015625,1200.3055419921875,278.3995361328125,86.58001708984375,217.073974609375,321.2701416015625,76.73980712890625,113.031982421875,234.02801513671875,139.0404052734375,214.1820678710937,-77.7139892578125,-86.58001708984375,86.58001708984375,153.39208984375,86.58001708984375,86.58001708984375,,,,,
EURJPY=X,57.85456006428284,56.36801928485336,62.75612695861792,59.7026918441141,56.72961028525513,70.30936118923262,63.07754118119727,80.3937324226597,80.47408597830454,64.08196062675773,59.86339895540378,48.854961832061065,56.28766572920851,50.4218561671354,58.09562073121736,50.662916834069904,49.256729610285255,50.662916834069904,49.256729610285255,50.743270389714745,53.71635194857373,49.256729610285255,51.908396946564885,51.22539172358377,49.33708316593009,50.662916834069904,49.256729610285255,54.31900361591,51.82804339092005,49.256729610285255,,,,,,418.2257995605469,348.6260986328125,629.0671997070312,477.988525390625,350.7091064453125,865.5910034179688,627.8434448242188,1104.72900390625,1094.41650390625,637.5057373046875,469.1834716796875,-76.87351989746094,291.3075561523437,51.60044860839844,361.316650390625,28.041000366210938,-28.041000366210938,28.041000366210938,-28.041000366210938,30.33502197265625,172.4055633544922,-28.041000366210938,45.46900939941406,43.05815124511719,-12.322998046875,28.041000366210938,-28.041000366210938,216.1551513671875,72.98452758789062,-28.041000366210938,,,,,
EURMMK=X,50.60386473429952,49.51690821256038,50.52334943639292,50.20128824476651,49.315619967793886,52.81803542673108,53.341384863124,53.62318840579711,53.3816425120773,53.3816425120773,46.4573268921095,48.83252818035427,45.93397745571659,47.62479871175523,49.11433172302738,50.0,46.05475040257649,49.23510466988728,49.47665056360708,49.23510466988728,49.23510466988728,49.67793880837359,47.78582930756844,47.42351046698873,49.47665056360708,49.63768115942029,49.19484702093398,46.61835748792271,49.23510466988728,49.59742351046699,,,,,,4068.740234375,3096.06005859375,3872.40478515625,3859.4931640625,2759.38427734375,5863.91015625,5845.9814453125,6088.22119140625,6059.447265625,6251.64697265625,-1050.5634765625,-625.56640625,-2685.595703125,734.720703125,1716.62646484375,2792.38525390625,-1225.59423828125,1225.59423828125,2660.45068359375,2595.3603515625,1225.59423828125,1768.494384765625,515.67041015625,737.43017578125,2933.31103515625,2731.82958984375,1218.47607421875,1816.1473388671875,1225.59423828125,2632.12255859375,,,,,
EURSEK=X,52.06910405785457,51.38609883487344,56.32784250703094,53.95741261550824,51.54680594616312,68.7424668541583,66.01044596223383,64.64443551627159,60.82764162314183,82.36239453595822,50.70309361189233,53.475291281639215,52.63157894736842,49.29690638810767,50.82362394535959,51.54680594616312,53.2342306147047,51.1048613901165,50.4218561671354,50.62274005624749,49.93973483326637,49.658497388509446,51.46645239051828,51.86822016874246,50.78344716753717,50.62274005624749,50.62274005624749,50.62274005624749,50.62274005624749,50.62274005624749,,,,,,9.92763900756836,6.272476196289063,18.78218650817871,16.27804946899414,7.748811721801758,44.28218460083008,39.51628875732422,38.66492462158203,30.125465393066406,61.28096389770508,4.330564498901367,10.716815948486328,6.769704818725586,-4.413002014160156,0.2878360748291015,3.51382064819336,10.940092086791992,5.0115966796875,0.4999446868896484,2.156099319458008,-0.1800365447998047,-1.0277156829833984,4.670999526977539,6.842353820800781,3.0728912353515625,2.156099319458008,2.156099319458008,2.156099319458008,2.156099319458008,2.156099319458008,,,,,
EURSGD=X,58.28662930344275,52.64211369095276,51.48118494795837,53.44275420336268,51.84147317854283,63.730984787830266,73.65892714171338,70.53642914331465,88.47077662129705,67.33386709367494,52.48198558847078,50.40032025620496,68.37469975980784,58.44675740592474,50.28022417934348,51.881505204163325,50.44035228182546,50.48038430744596,51.881505204163325,50.80064051240992,49.43955164131305,50.44035228182546,49.79983987189752,52.76220976781425,50.48038430744596,49.43955164131305,49.43955164131305,50.44035228182546,50.44035228182546,49.43955164131305,,,,,,3.554379463195801,1.4956996440887451,0.9048798084259032,1.8310387134552,1.1101396083831787,4.698422431945801,7.040836334228516,6.145196914672852,8.570819854736328,5.510377407073975,0.7506008148193359,-0.1859405040740966,5.725981712341309,2.5099425315856934,0.3353197574615478,0.1829791069030761,0.110300064086914,0.1256201267242431,0.7803797721862793,0.1746001243591308,0.0155797004699707,0.110300064086914,0.0527997016906738,0.4984409809112549,0.1238000392913818,-0.110300064086914,-0.110300064086914,0.110300064086914,0.110300064086914,-0.110300064086914,,,,,
GBPJPY=X,62.37942122186495,57.59646302250804,65.27331189710611,59.68649517684887,57.63665594855305,62.017684887459815,66.15755627009646,67.0016077170418,57.033762057877816,65.55466237942123,54.13987138263665,50.7636655948553,49.15594855305466,58.2395498392283,55.5064308681672,51.045016077170416,51.045016077170416,49.758842443729904,51.045016077170416,53.13504823151125,49.79903536977492,51.045016077170416,51.045016077170416,48.9951768488746,50.482315112540185,51.4871382636656,51.16559485530546,52.13022508038585,48.83440514469453,51.045016077170416,,,,,,833.584228515625,551.9387817382812,963.687744140625,680.761962890625,544.4422607421875,806.7357177734375,1017.7923583984376,1029.794677734375,547.3543701171875,971.7252807617188,286.8301696777344,76.11434936523438,-81.27558898925781,583.3001098632812,366.0623779296875,8.60699462890625,8.60699462890625,36.54115295410156,8.60699462890625,225.0190277099609,76.64300537109375,8.60699462890625,8.60699462890625,17.94647216796875,20.99598693847656,128.33596801757812,122.565673828125,201.4429931640625,-8.60699462890625,8.60699462890625,,,,,
GBPSGD=X,71.33706965572458,72.09767814251401,54.3634907926341,69.89591673338671,59.96797437950361,73.85908726981584,77.7822257806245,72.65812650120095,77.58206565252202,74.3795036028823,50.20016012810248,53.48278622898318,58.48678943154524,56.92554043234588,49.79983987189752,55.36429143314652,51.24099279423538,48.27862289831866,51.24099279423538,49.83987189751801,50.44035228182546,52.60208166533226,51.24099279423538,50.64051240992794,52.2017614091273,56.04483586869495,48.35868694955965,48.35868694955965,52.1617293835068,51.24099279423538,,,,,,9.954893112182615,10.05459213256836,3.2637712955474854,9.469054222106934,5.8756103515625,10.678037643432615,11.47569465637207,10.14731502532959,11.540977478027344,10.788372993469238,0.1527693271636963,2.0903115272521973,5.03221607208252,4.053009986877441,-0.282489538192749,3.5274126529693604,0.3753299713134765,-0.3307497501373291,0.3753299713134765,0.2350897789001464,0.325589656829834,1.234830379486084,0.3753299713134765,1.0789494514465332,1.257371187210083,3.783132791519165,-0.3753299713134765,-0.3753299713134765,2.3019514083862305,0.3753299713134765,,,,,
GBPUSD=X,57.33120255693168,56.372353176188575,58.68957251298442,54.61446264482621,69.51658010387534,63.84338793447862,68.5976827806632,63.64362764682381,78.30603276068717,67.55892928485817,50.33959248901319,48.02237315221734,64.44266879744308,54.174990011985614,50.539352776668,50.219736316420295,51.01877746703956,51.13863363963244,50.219736316420295,53.29604474630444,51.977626847782666,52.5769077107471,47.98242109468638,52.61685976827807,50.219736316420295,50.219736316420295,50.219736316420295,50.219736316420295,49.02117459049141,50.49940071913704,,,,,,4.119143962860107,3.582179546356201,4.681274890899658,2.5834107398986816,8.347113609313965,6.6353607177734375,8.039430618286133,6.5059661865234375,10.385091781616213,8.124258041381836,0.6488109827041626,-1.3027695417404177,6.328505516052246,1.7341455221176147,-0.0826374292373657,0.2075845003128051,0.6011019945144653,0.7164875268936157,0.2075845003128051,1.8735214471817017,1.0410572290420532,1.18067467212677,-0.6104236841201782,1.0563172101974487,0.2075845003128051,0.2075845003128051,0.2075845003128051,0.2075845003128051,-0.5193184614181519,0.409533143043518,,,,,
GHS=X,47.68797748291114,47.76839565741858,47.80860474467229,47.68797748291114,47.64776839565742,47.72818657016486,47.72818657016486,48.009650180940895,47.88902291917974,47.96944109368717,38.19863289103338,41.57619622034579,49.41696823482107,38.31926015279453,48.93445918777643,47.72818657016486,47.72818657016486,47.76839565741858,39.48532368315239,47.76839565741858,47.92923200643345,39.20386007237636,39.20386007237636,43.26497788500201,46.80337756332931,47.76839565741858,39.20386007237636,39.20386007237636,39.20386007237636,39.36469642139123,,,,,,1148.6104736328125,1147.1175537109375,1149.2984619140625,1148.82763671875,1148.3087158203125,1148.1363525390625,1146.563232421875,1149.841796875,1149.60498046875,1153.4110107421875,-1149.16650390625,-16.543399810791016,1164.158203125,-1158.7816162109375,1157.661376953125,1146.740234375,1146.740234375,1148.1402587890625,-5.333627223968506,12.200082778930664,1155.8460693359375,-12.200082778930664,-12.200082778930664,-1134.3751220703125,9.260083198547363,12.200082778930664,-12.200082778930664,-12.200082778930664,-12.200082778930664,-1140.44873046875,,,,,
HKD=X,58.69827239855364,55.80554439533949,56.60907995178787,60.06428284451587,54.96183206106871,64.48372840498192,63.07754118119727,61.02852551225392,80.75532342306147,60.94817195660907,45.038167938931295,52.71193250301326,55.96625150662917,61.751707513057454,47.448774608276416,50.06026516673363,48.17195660907995,52.06910405785457,51.9485737243873,55.76536761751707,48.13177983125753,51.1048613901165,49.21655283246283,50.14061872237846,50.10044194455605,49.09602249899558,51.9485737243873,46.44435516271595,46.44435516271595,46.44435516271595,,,,,,2.0839476585388184,1.5296845436096191,1.6448025703430176,2.283985614776612,1.3363242149353027,2.9454092979431152,2.5961174964904785,2.429670810699463,3.9678492546081534,2.6100850105285645,-0.6288561820983887,0.6433281898498535,1.5470356941223145,2.3291611671447754,-0.3013052940368652,-0.0011534690856933,0.2738308906555176,0.0840306282043457,0.035250186920166,1.2260785102844238,0.0936884880065918,0.5128293037414551,0.1822266578674316,0.5284886360168457,0.4016709327697754,0.5439305305480957,0.035250186920166,-0.035250186920166,-0.035250186920166,-0.035250186920166,,,,,
IDR=X,55.76923076923077,53.36538461538461,54.40705128205128,54.567307692307686,56.85096153846154,61.418269230769226,81.93108974358975,86.45833333333334,67.98878205128204,66.54647435897436,55.96955128205128,62.86057692307693,68.6298076923077,52.36378205128205,58.733974358974365,51.20192307692307,49.9198717948718,50.72115384615385,49.9198717948718,48.55769230769231,49.9198717948718,51.92307692307693,49.51923076923077,49.79967948717949,50.68108974358975,49.9198717948718,52.92467948717948,49.9198717948718,49.27884615384615,49.9198717948718,,,,,,47219.47265625,33315.41015625,41001.76953125,43142.296875,51952.2109375,72276.53125,122258.4453125,123110.796875,95700.125,92452.40625,44353.71484375,75277.015625,89558.9765625,20101.302734375,51800.8828125,11710.119140625,2285.0,11539.09765625,2285.0,327.55859375,2285.0,17051.130859375,7382.546875,10942.83984375,8698.826171875,2285.0,24495.43359375,2285.0,-1525.009765625,2285.0,,,,,
IDRMYR=X,40.77942948975492,40.85978304539976,40.69907593411008,40.85978304539976,40.899959823222176,41.06066693451185,40.53836882282041,41.02049015668943,41.50261149055846,41.46243471273604,38.770590598634,38.93129770992366,40.73925271193251,33.46725592607473,38.891120932101245,40.578545600642826,40.73925271193251,39.37324226597027,40.85978304539976,40.53836882282041,40.65889915628767,39.05182804339092,38.04740859783045,40.41783848935315,40.29730815588589,40.578545600642826,38.36882282040981,40.578545600642826,38.69023704298915,40.578545600642826,,,,,,0.1370904594659805,0.1382204592227935,0.1388744711875915,0.1375464797019958,0.138602465391159,0.139506459236145,0.1419044733047485,0.1418004631996154,0.1465404629707336,0.145562469959259,-0.0862155333161354,0.0822124630212783,0.0263115260750055,0.1748464405536651,-0.2524935305118561,0.0273124650120735,0.1386064738035202,0.1399424523115158,0.1956175416707992,0.3005315363407135,0.2538215517997741,0.1908624768257141,0.1974115371704101,0.0834184661507606,0.1940544694662094,0.0273124650120735,0.1488555520772934,0.0273124650120735,-0.0273124650120735,0.0273124650120735,,,,,
IDRSGD=X,45.26244035446489,47.9890933878664,45.39877300613497,45.39877300613497,45.67143830947512,45.53510565780504,45.46693933197001,45.8077709611452,45.33060668029994,45.33060668029994,44.7171097477846,44.85344239945467,44.648943421949554,44.785276073619634,44.85344239945467,44.648943421949554,44.785276073619634,44.648943421949554,45.05794137695978,44.989775051124745,44.51261077027948,44.51261077027948,45.05794137695978,44.785276073619634,44.648943421949554,44.785276073619634,45.87593728698023,45.33060668029994,44.785276073619634,45.39877300613497,,,,,,0.5526391863822937,0.5803351402282715,0.5364612340927124,0.457517147064209,0.5165731310844421,0.5520367622375488,0.5525451898574829,0.5535751581192017,0.5522051453590393,0.5516791343688965,0.0125928036868572,0.4166291356086731,-0.0488091558218002,-0.1637091636657714,-0.163667157292366,0.3574091494083404,0.0104448236525058,0.0856271535158157,0.1680708229541778,0.2041867971420288,0.1637911647558212,0.1640311628580093,0.3615247905254364,0.0104448236525058,0.1839491575956344,0.242471158504486,0.0360491909086704,0.4641551375389099,0.0104448236525058,0.5328491926193237,,,,,
INR=X,49.9597747385358,49.9597747385358,49.9597747385358,53.177795655671765,49.87932421560741,61.54465004022526,58.9702333065165,76.70957361222848,63.55591311343524,59.211584875301696,53.137570394207565,50.5229283990346,50.362027353177794,48.23008849557522,49.39662107803701,49.55752212389381,48.511665325824616,50.362027353177794,49.55752212389381,49.55752212389381,50.64360418342719,50.0,49.55752212389381,51.00563153660499,51.89058728881738,48.511665325824616,49.55752212389381,49.55752212389381,49.9597747385358,49.55752212389381,,,,,,44.07963943481445,38.43979263305664,38.99541091918945,116.88221740722656,38.57960891723633,209.8475646972656,178.8931884765625,347.6615600585937,232.478515625,171.73468017578125,63.02009963989258,23.328258514404297,3.9098854064941406,-18.592960357666016,-13.048221588134766,21.01199722290039,-3.19985580444336,19.394779205322266,21.01199722290039,21.01199722290039,33.99019241333008,28.219989776611328,21.09700393676757,28.007190704345703,41.8708381652832,-21.55865859985352,21.01199722290039,21.01199722290039,-21.01199722290039,21.01199722290039,,,,,
IQD=X,51.66066426570628,52.10084033613446,51.62064825930373,51.3405362144858,51.460584233693474,51.26050420168067,51.42056822729092,52.46098439375751,51.380552220888354,52.2609043617447,40.01600640256102,47.25890356142457,49.65986394557823,45.21808723489396,37.01480592236895,39.09563825530212,38.895558223289314,39.05562224889956,40.69627851140456,40.05602240896359,41.93677470988396,37.85514205682273,37.935174069627855,38.735494197679074,43.81752701080432,48.13925570228091,42.13685474189676,43.41736694677872,40.41616646658663,40.45618247298919,,,,,,29653.419921875,29929.029296875,29484.43359375,28384.978515625,29376.86328125,28106.826171875,28999.78515625,28991.71875,28437.92578125,29885.42578125,4089.63232421875,23337.865234375,26653.47265625,19305.322265625,-9526.61328125,9075.81640625,8911.2294921875,9024.3173828125,3744.651611328125,13207.837890625,12511.6083984375,145.0,143.0,4545.7509765625,10716.296875,20469.73046875,6947.8017578125,17457.03125,13155.46484375,12605.435546875,,,,,
IRR=X,16.491596638655462,16.596638655462183,12.184873949579831,16.596638655462183,12.184873949579831,16.649159663865547,16.649159663865547,16.649159663865547,16.596638655462183,16.596638655462183,12.972689075630251,13.918067226890756,16.649159663865547,13.28781512605042,14.390756302521009,15.703781512605042,13.918067226890756,12.867647058823527,16.491596638655462,12.44747899159664,16.491596638655462,16.176470588235293,16.439075630252102,14.600840336134455,16.439075630252102,16.334033613445378,15.283613445378151,11.974789915966388,11.974789915966388,11.974789915966388,,,,,,230752.0,230812.0,207536.0,219346.0,207536.0,219366.0,230872.0,230872.0,219346.0,219346.0,204385.0,6393.0,230188.0,-206396.0,1347.0,230142.0,-9600.0,-7440.0,105558.0,97759.0,105190.0,5208.0,9558.0,15686.0,105158.0,13162.0,1766.0,-9558.0,-9558.0,-9558.0,,,,,
JPY=X,59.01045856798069,58.4875301689461,57.11987127916331,56.114239742558325,60.09654062751408,65.96942880128721,76.66934835076428,68.38294448913918,67.2968624296058,67.2164119066774,53.459372485921165,50.64360418342719,52.333065164923575,50.80450522928399,53.29847144006437,52.81576830249397,53.29847144006437,51.40788415124698,51.93081255028158,52.81576830249397,52.45374094931618,52.25261464199518,52.654867256637175,53.29847144006437,47.06355591311343,47.06355591311343,52.81576830249397,51.52855993563959,52.81576830249397,52.81576830249397,,,,,,426.00482177734375,440.046875,365.4069213867188,299.37701416015625,473.8027648925781,655.14501953125,860.9087524414062,721.5988159179688,675.3687744140625,671.9888916015625,208.40484619140625,-23.613037109375,92.58694458007812,41.13885498046875,174.47096252441406,23.069000244140625,104.44100952148438,67.9149169921875,92.29086303710938,23.069000244140625,41.80500793457031,30.339035034179688,38.18901062011719,172.3349609375,-23.069000244140625,-23.069000244140625,23.069000244140625,102.72694396972656,23.069000244140625,23.069000244140625,,,,,
KES=X,61.47047006830052,62.23382884692648,57.774206508638,61.751707513057454,59.22057051024508,77.5813579750904,60.787464845319406,62.95701084773001,59.0598633989554,63.88107673764564,42.82844515869827,51.787866613097634,49.658497388509446,50.46203294495781,47.97107271996786,52.91281639212535,54.35918039373242,51.66733627963037,52.591402169546,40.33748493370832,50.662916834069904,49.09602249899558,47.20771394134191,45.60064282844516,51.18521494576135,52.91281639212535,53.99758939333066,40.01607071112897,40.01607071112897,52.91281639212535,,,,,,607.791748046875,633.7611694335938,429.1855773925781,584.7789306640625,459.6868591308594,842.1578979492188,619.7485961914062,673.9618530273438,588.720947265625,722.802001953125,80.7161865234375,250.66558837890625,-82.39645385742188,282.7465209960937,73.98377990722656,39.25752258300781,137.2894287109375,296.4712829589844,58.55828857421875,-32.71403503417969,46.13804626464844,33.37721252441406,24.08935546875,14.230026245117188,69.32835388183594,37.42999267578125,90.75352478027344,-37.42999267578125,-37.42999267578125,37.42999267578125,,,,,
KHR=X,55.86816720257235,56.55144694533762,45.61897106109325,56.430868167202576,57.19453376205787,57.475884244372985,58.36012861736335,56.9935691318328,58.48070739549839,57.516077170418015,53.77813504823151,39.268488745980704,48.51286173633441,51.32636655948553,43.44855305466238,45.65916398713826,45.940514469453376,46.5032154340836,44.29260450160772,45.29742765273312,47.18649517684887,47.78938906752412,44.29260450160772,45.01607717041801,43.81028938906753,44.29260450160772,45.538585209003216,44.29260450160772,44.654340836012864,43.528938906752416,,,,,,96916.828125,98841.390625,57657.6796875,100081.265625,101338.875,100974.6953125,102479.5234375,98202.546875,104631.8125,99543.609375,88889.921875,-43240.63671875,37211.26953125,61784.375,-568.0146484375,38787.6171875,39367.13671875,49698.36328125,26.0,46053.453125,34211.3984375,49815.609375,26.0,1230.47998046875,-16448.8515625,210.837890625,54659.26953125,26.0,44815.6953125,26224.716796875,,,,,
KRW=X,63.022508038585215,54.38102893890675,60.85209003215434,66.2379421221865,55.78778135048231,65.43408360128618,74.07556270096462,75.08038585209003,67.0016077170418,81.47106109324758,48.51286173633441,67.72508038585208,71.02090032154341,62.17845659163987,51.446945337620576,51.80868167202573,54.943729903536976,48.954983922829584,50.924437299035375,51.0048231511254,48.472668810289385,49.15594855305466,48.954983922829584,51.045016077170416,51.32636655948553,51.045016077170416,48.31189710610933,48.31189710610933,48.31189710610933,51.045016077170416,,,,,,5923.109375,2554.30859375,5148.927734375,6769.23046875,2972.3681640625,6406.849609375,8776.451171875,9222.41015625,7009.14990234375,10215.708984375,-297.7498779296875,6785.3505859375,7936.8525390625,5444.232421875,1846.5306396484373,1070.6502685546875,2675.50927734375,136.7303466796875,266.5504150390625,689.0496826171875,-267.1905517578125,199.7100830078125,-29.0902099609375,235.1099853515625,275.9100341796875,235.1099853515625,-235.1099853515625,-235.1099853515625,-304.0899658203125,235.1099853515625,,,,,
MMK=X,48.45319405383688,48.45319405383688,48.45319405383688,59.98392928887103,57.814383286460426,60.707111289674565,58.81880273202089,58.89915628766573,62.95701084773001,60.345520289272805,52.7922860586581,44.716753716351946,46.72559260747288,52.430695058256326,51.5066291683407,48.33266372036963,49.61832061068702,47.97107271996786,48.21213338690237,48.41301727601447,50.662916834069904,49.779027721976696,48.45319405383688,48.41301727601447,50.863800723182,48.41301727601447,48.41301727601447,48.41301727601447,48.814785054238655,48.29248694254721,,,,,,2463.2900390625,2463.2900390625,2463.2900390625,4996.78173828125,5316.72607421875,5976.447265625,5326.02587890625,5447.24951171875,6758.1865234375,5026.2197265625,3348.841064453125,-686.0620727539062,-766.1467895507812,3377.091796875,2631.626953125,1743.82861328125,1945.5205078125,1156.73193359375,-410.3019409179688,1076.97998046875,1680.57666015625,1917.430419921875,1097.41064453125,1076.97998046875,2080.656005859375,1076.97998046875,1076.97998046875,1076.97998046875,622.0289916992188,537.8229370117188,,,,,
MXN=X,58.64147909967846,59.12379421221865,59.0032154340836,53.336012861736336,63.5048231511254,64.87138263665595,62.05787781350482,59.445337620578776,67.2427652733119,59.565916398713824,51.40675241157556,53.13504823151125,48.71382636655949,51.446945337620576,52.73311897106109,50.68327974276527,52.45176848874598,52.532154340836016,47.30707395498393,52.57234726688103,51.16559485530546,48.35209003215434,52.81350482315113,51.88906752411575,52.85369774919614,47.226688102893895,50.20096463022507,47.30707395498393,52.532154340836016,47.30707395498393,,,,,,100.68424987792967,111.52775573730467,112.91939544677734,62.4639778137207,141.08447265625,136.46725463867188,120.97864532470705,100.3420867919922,151.78369140625,102.55419158935548,11.716107368469238,37.86042022705078,-6.419085502624512,15.482939720153809,18.26006317138672,16.663368225097656,4.7136945724487305,-3.91062068939209,3.91062068939209,1.2171735763549805,-9.651637077331545,-19.64517974853516,28.933643341064453,24.74406814575196,25.363704681396484,-1.171616554260254,-12.73993968963623,3.91062068939209,-3.91062068939209,3.91062068939209,,,,,
MYR=X,58.44675740592474,55.76461168935148,53.08246597277822,59.927942353883104,50.84067253803043,67.21377101681345,68.33466773418735,62.570056044835866,63.05044035228183,62.08967173738991,54.4035228182546,53.56285028022418,49.639711769415534,42.67413931144916,49.71977582065652,50.28022417934348,50.0,46.43714971977583,47.07766212970376,49.159327461969575,50.0,50.76060848678943,51.76140912730184,51.080864691753405,47.31785428342674,44.55564451561249,44.59567654123299,50.0,49.639711769415534,50.0,,,,,,11.36629867553711,8.243494033813477,5.428096294403076,14.308692932128906,3.5770974159240723,19.67630386352539,19.76309967041016,15.243695259094238,16.517295837402344,15.33529567718506,6.276103973388672,5.4153008460998535,0.9784960746765136,-3.415700435638428,2.621500015258789,1.9235005378723145,0.5552997589111328,-0.5638995170593262,1.033897876739502,2.8894972801208496,0.5552997589111328,3.6307005882263184,3.731091499328613,2.462100982666016,1.602503776550293,-0.4897003173828125,-0.4377002716064453,0.5552997589111328,1.3822965621948242,0.5552997589111328,,,,,
MYRPKR=X,43.19191919191919,43.19191919191919,41.97979797979798,41.898989898989896,48.72727272727273,55.63636363636364,55.63636363636364,54.66666666666666,54.22222222222223,56.4040404040404,36.36363636363637,45.131313131313135,44.76767676767677,45.45454545454545,47.11111111111111,42.42424242424242,42.26262626262626,44.161616161616166,38.54545454545455,43.07070707070707,42.30303030303031,40.2020202020202,43.75757575757576,40.2020202020202,42.1010101010101,39.95959595959596,41.494949494949495,42.505050505050505,41.494949494949495,41.494949494949495,,,,,,236.306381225586,227.7523193359375,173.79800415039062,208.67955017089844,302.9420166015625,415.6337890625,430.1070251464844,383.8142700195313,387.60101318359375,428.4402465820313,-209.3717041015625,264.6845703125,218.65899658203125,238.4896240234375,116.5700225830078,234.90261840820312,156.25033569335938,218.718002319336,88.8729019165039,164.6825408935547,1.526174545288086,-38.68800354003906,169.11685180664062,-38.68800354003906,0.1399383544921875,26.13706016540528,38.68800354003906,46.914154052734375,39.87399291992188,38.68800354003906,,,,,
NPR=X,50.82230244685119,61.813076614520654,70.59767348576013,64.54071399919775,63.979141596470114,75.45126353790613,73.08463698355395,67.06778981147212,71.72081829121541,73.28519855595668,59.1255515443241,54.392298435619736,53.91095066185319,45.7280385078219,51.74488567990373,53.18892900120337,57.56117127958284,50.90252707581227,51.94544725230645,53.4697152025672,50.7420778178901,50.5816285599679,51.143200962695545,50.5816285599679,61.21139189731248,50.7420778178901,48.61612515042118,60.56959486562374,52.46690734055355,50.70196550340955,,,,,,44.00483703613281,254.13336181640625,563.8818969726562,397.5520935058594,387.7992248535156,660.2457275390625,601.2852783203125,437.9229431152344,555.3218994140625,603.1986694335938,246.36959838867188,109.58757019042967,66.19636535644531,-38.4769287109375,50.573333740234375,49.31733703613281,221.1063537597656,40.09977722167969,57.83061218261719,90.17018127441406,36.19549560546875,-2.0514068603515625,41.666351318359375,26.41317749023437,341.7013854980469,36.19549560546875,-34.4180908203125,258.3397216796875,80.2239990234375,35.73652648925781,,,,,
NZDSGD=X,61.89710610932476,54.943729903536976,62.741157556270096,61.4951768488746,66.68006430868168,70.90032154340837,67.0016077170418,67.12218649517685,64.63022508038586,73.59324758842443,52.61254019292605,64.7508038585209,49.839228295819936,67.92604501607717,68.89067524115757,54.461414790996784,49.758842443729904,50.36173633440515,50.160771704180064,51.88906752411575,52.0096463022508,50.160771704180064,52.41157556270096,50.7636655948553,52.69292604501607,50.160771704180064,50.160771704180064,49.758842443729904,51.527331189710615,49.39710610932476,,,,,,3.625333309173584,1.94538414478302,3.70532751083374,3.4531326293945312,4.58903169631958,5.1468281745910645,4.429265975952148,4.511608123779297,3.789316177368164,5.465457916259766,0.6968982219696045,3.5721323490142822,0.0345196723937988,4.533542633056641,4.515007019042969,1.2350568771362305,0.3315503597259521,0.0334444046020507,-0.2082600593566894,0.5028139352798462,0.6699873208999634,-0.2223999500274658,0.5961440801620483,0.3486940860748291,0.5638757944107056,-0.2223999500274658,-0.2223999500274658,0.2223999500274658,0.2426003217697143,-0.176294207572937,,,,,
NZDUSD=X,51.62846803377563,52.11097708082026,54.92561318858063,50.38198632891033,62.88701246481705,59.10735826296744,81.62444712505025,69.40088459991958,61.56011258544432,67.18938480096502,63.44993968636912,51.66867712102935,64.77683956574187,69.28025733815842,54.20184961801368,49.73864093285083,51.06554081222357,50.90470446320868,49.73864093285083,50.62324085243265,50.22114997989545,52.51306795335746,49.61801367108967,52.43264977885001,51.86972255729795,50.1005227181343,49.73864093285083,49.73864093285083,49.73864093285083,49.73864093285083,,,,,,0.9136595129966736,0.8778037428855896,1.938803434371948,0.3444612622261047,3.5684618949890137,2.440788745880127,6.492311000823975,4.835475921630859,3.017619132995605,4.441462516784668,3.281536340713501,0.2609992623329162,3.7615091800689697,4.841231346130371,1.1416940689086914,0.1124299168586731,0.0602739453315734,0.265752375125885,0.1124299168586731,0.2935578227043152,0.6239717602729797,0.6255466341972351,0.0972726941108703,0.4646325707435608,0.5583277344703674,-0.1124299168586731,0.1124299168586731,0.1124299168586731,0.1124299168586731,0.1124299168586731,,,,,
PGK=X,53.48557692307693,53.44551282051282,52.84455128205128,53.80608974358975,54.12660256410257,57.93269230769232,53.88621794871795,54.12660256410257,55.32852564102564,60.21634615384615,41.66666666666667,48.31730769230769,50.520833333333336,57.57211538461539,42.46794871794872,44.99198717948718,45.15224358974359,42.58814102564102,44.87179487179488,44.43108974358975,46.594551282051285,45.15224358974359,45.71314102564102,45.11217948717949,45.91346153846153,44.87179487179488,43.22916666666667,45.19230769230769,45.3125,44.87179487179488,,,,,,54.847389221191406,54.35872268676758,52.423038482666016,55.85529327392578,57.13258361816406,64.85607147216797,56.54510116577149,55.97523498535156,60.072410583496094,71.4366455078125,-27.71967124938965,-11.800662994384766,20.688825607299805,55.90130615234375,-25.8873233795166,10.288400650024414,33.695587158203125,14.238842010498049,-1.310199737548828,27.816909790039062,11.396384239196776,3.969081878662109,1.310199737548828,-0.2383990287780761,8.11440372467041,-1.310199737548828,-6.152026176452637,33.67787170410156,22.7240047454834,-1.310199737548828,,,,,
PHP=X,52.87494973864093,56.57418576598311,52.99557700040209,51.18616807398472,60.23321270607157,67.18938480096502,54.52352231604343,56.77523120225171,61.15802171290712,55.89063128266988,57.21753116204263,52.1913952553277,49.25613188580619,53.437876960193,48.4519501407318,50.06031363088058,49.21592279855248,51.18616807398472,51.467631684760754,48.17048652995577,51.10574989947728,51.10574989947728,48.13027744270205,51.10574989947728,51.025331724969845,51.10574989947728,51.10574989947728,48.13027744270205,51.10574989947728,51.10574989947728,,,,,,45.67869186401367,103.14588928222656,46.37449264526367,13.03499984741211,144.64089965820312,207.22607421875,84.04360961914062,131.72476196289062,160.64404296875,114.02207946777344,99.2119140625,53.02602767944336,-13.111827850341797,76.35771179199219,8.244548797607422,9.650272369384766,2.583660125732422,39.58616256713867,15.602291107177734,-0.9048118591308594,11.414997100830078,11.414997100830078,-11.414997100830078,11.414997100830078,24.39175033569336,11.414997100830078,11.414997100830078,-11.414997100830078,11.414997100830078,11.414997100830078,,,,,
PKR=X,60.86781840096425,60.42587384491763,59.54198473282442,50.82362394535959,58.01526717557252,61.91241462434712,60.30534351145038,59.7026918441141,60.50622740056247,62.75612695861792,52.7922860586581,44.91763760546404,45.19887505022097,46.84612294094014,48.37284049819204,51.18521494576135,48.25231016472479,43.02932904781037,48.29248694254721,46.04258738449176,47.770188830855766,43.1096826034552,49.41743672157493,47.00683005222981,53.8770590598634,47.64965849738851,43.47127360385697,43.06950582563279,47.64965849738851,48.73443149859381,,,,,,1692.553955078125,1696.699951171875,1661.296875,772.2413330078125,1412.18212890625,1799.120361328125,1676.50146484375,1686.3719482421875,1624.715087890625,1869.847900390625,744.7357177734375,-75.78572082519531,215.21446228027344,241.7455596923828,542.4005126953125,339.0829467773437,378.634521484375,-181.2701416015625,353.4010009765625,100.79908752441406,299.7130126953125,-176.23001098632812,543.5252685546875,176.23001098632812,762.3646240234375,275.70758056640625,69.61788940429688,-176.23001098632812,248.0201568603516,381.7388610839844,,,,,
SAR=X,49.79967948717949,49.75961538461539,49.79967948717949,49.63942307692308,49.83974358974359,64.58333333333334,65.5448717948718,64.86378205128204,64.86378205128204,64.90384615384616,58.01282051282052,50.04006410256411,46.99519230769231,57.45192307692307,59.41506410256411,51.64262820512821,47.756410256410255,49.07852564102564,50.72115384615385,54.48717948717948,50.68108974358975,50.0,49.07852564102564,49.07852564102564,48.67788461538461,54.64743589743589,49.07852564102564,49.07852564102564,55.96955128205128,47.756410256410255,,,,,,2.159785985946656,2.164369344711304,2.1569759845733643,2.078497648239136,2.1142261028289795,5.180025100708008,5.476921081542969,5.212827682495117,5.351612091064453,5.259614944458008,3.726001501083374,0.4267737865447998,-1.5924594402313232,3.7485005855560303,4.057418823242188,2.166961431503296,0.0017001628875732,-0.0017001628875732,1.868091344833374,2.7280056476593018,0.2540857791900635,0.1562273502349853,-0.0017001628875732,-0.0017001628875732,1.008390188217163,2.677902936935425,-0.0017001628875732,-0.0017001628875732,2.54443907737732,0.0017001628875732,,,,,
SGD=X,70.57884231536926,54.89021956087824,55.96806387225549,65.34930139720558,70.85828343313374,80.5189620758483,64.27145708582835,79.76047904191617,85.10978043912175,72.45508982035929,59.04191616766467,55.12974051896208,64.79041916167665,50.25948103792415,70.89820359281437,49.02195608782435,49.82035928143713,53.65269461077844,50.65868263473053,55.249500998004,48.862275449101794,50.65868263473053,53.77245508982036,51.8562874251497,51.77644710578843,49.02195608782435,50.65868263473053,48.862275449101794,48.862275449101794,48.862275449101794,,,,,,5.069148063659668,1.7040897607803345,2.0712099075317383,4.249708652496338,5.160629749298096,6.320650100708008,3.9165115356445312,6.255129814147949,6.761370658874512,5.311186790466309,2.6546669006347656,1.4761511087417605,3.812070846557617,0.28531014919281,5.092286109924316,0.0462700128555297,0.3052903413772583,1.0230494737625122,0.0650500059127807,1.5396686792373655,-0.0650500059127807,0.0650500059127807,1.2470484972000122,0.5769294500350952,0.5897701978683472,-0.0300701856613159,0.0650500059127807,-0.0650500059127807,-0.0650500059127807,-0.0650500059127807,,,,,
SGDCNY=X,51.86972255729795,50.824286288701245,51.78930438279051,54.08122235625251,50.78407720144753,60.15279453156413,61.88178528347407,72.45677523120226,73.62283876156012,60.394049055086455,66.1037394451146,52.673904302372335,52.79453156413349,49.37675914756735,50.9449135504624,50.824286288701245,49.05508644953759,49.05508644953759,50.78407720144753,50.78407720144753,50.9449135504624,51.30679533574588,50.42219541616405,50.78407720144753,49.05508644953759,49.05508644953759,50.78407720144753,50.78407720144753,50.78407720144753,49.05508644953759,,,,,,3.0109310150146484,1.0786781311035156,3.4691200256347656,6.25206184387207,0.8983001708984375,13.781245231628418,16.87207794189453,25.4775390625,26.28182983398437,15.098553657531738,18.758289337158203,4.682257652282715,2.8587703704833984,-1.244471549987793,2.537084579467773,1.5923004150390625,-0.8983001708984375,-1.7287015914916992,0.8983001708984375,0.8983001708984375,1.1465091705322266,1.6582260131835938,0.8105077743530273,0.8983001708984375,-0.8983001708984375,-0.8983001708984375,0.8983001708984375,0.8983001708984375,1.7287015914916992,-0.8983001708984375,,,,,
SGDHKD=X,60.42502004811547,63.873295910184446,57.73857257417803,70.04811547714515,61.38732959101845,76.54370489174018,64.0336808340016,69.12590216519648,71.85244587008822,84.84362469927827,72.57417802726543,50.280673616680026,66.84041700080192,68.6046511627907,70.16840417000802,50.280673616680026,52.20529270248596,52.52606255012029,49.39855653568564,52.08500400962309,51.04250200481155,51.12269446672013,52.56615878107458,49.39855653568564,49.55894145950281,50.64153969526865,50.56134723336007,55.93424218123496,49.39855653568564,49.39855653568564,,,,,,12.115885734558104,14.83937644958496,8.871389389038086,19.71173477172852,12.686776161193848,23.70880508422852,14.43462085723877,19.04287338256836,21.071582794189453,27.39453125,21.18854522705078,0.2909450531005859,17.046859741210938,17.53402328491211,18.961673736572266,0.7197637557983398,1.6858339309692385,1.5575828552246094,-0.3052997589111328,1.7196979522705078,2.082754135131836,2.148530960083008,2.76271915435791,-0.3052997589111328,-0.1864051818847656,0.7558870315551758,0.49029541015625,7.601322174072266,-0.3052997589111328,-0.3052997589111328,,,,,
SGDIDR=X,50.04071661237784,50.0,49.95928338762215,50.0,49.9185667752443,50.8957654723127,51.50651465798045,50.3257328990228,51.79153094462541,51.58794788273615,48.08631921824104,50.65146579804561,54.071661237785015,49.34853420195439,50.366449511400646,49.755700325732896,50.0814332247557,49.8371335504886,48.6970684039088,50.12214983713355,49.47068403908795,49.63355048859935,49.5928338762215,49.9185667752443,50.0814332247557,49.95928338762215,49.79641693811075,50.0,49.95928338762215,49.87785016286645,,,,,,166925.6875,167083.90625,167020.5,166902.3125,166817.40625,175447.9375,175136.375,169252.96875,178317.40625,176403.4375,-21711.337890625,82302.59375,188875.078125,-129108.921875,99606.6328125,109893.640625,2430.8310546875,146061.3125,143743.71875,111212.34375,3979.1904296875,17311.154296875,-2779.9033203125,2511.3525390625,2469.7099609375,2219.1103515625,18109.650390625,167131.609375,166389.3125,2924.0146484375,,,,,
SGDINR=X,55.2,54.67999999999999,53.6,55.2,56.39999999999999,60.24,62.96000000000001,62.36000000000001,70.39999999999999,64.64,53.68000000000001,54.24,45.68,52.84,49.64,50.88,49.48,51.0,50.68,50.63999999999999,48.64,49.96,51.72,50.84,48.64,50.96000000000001,50.52,50.88,50.96000000000001,48.64,,,,,,102.4626922607422,88.72663879394531,71.02268981933594,118.62689208984376,123.31607055664062,175.57049560546875,200.44688415527344,192.43630981445312,273.82305908203125,219.42062377929688,80.50489807128906,88.61552429199219,-59.32387924194336,68.01229858398438,3.534740447998047,18.913997650146484,17.771907806396484,20.359134674072266,25.955791473388672,23.909297943115234,-18.913997650146484,1.3168983459472656,35.72859573364258,16.247379302978516,-18.913997650146484,22.48262405395508,22.868946075439453,18.913997650146484,60.73373794555664,-18.913997650146484,,,,,
SGDJPY=X,61.90285026093938,52.66961059815335,60.13649136892815,60.818948213568845,61.099959855479725,67.0012043356082,82.41670012043356,63.58892011240466,68.04496186270575,62.545162585307104,47.85226816539542,55.07828181453232,46.64793255720594,56.68406262545162,55.88117221999197,52.34845443596949,52.38859895624247,50.50180650341228,49.69891609795263,53.91409072661582,52.06744279405861,48.09313528703332,51.22440786832597,47.53111200321156,47.53111200321156,47.53111200321156,52.34845443596949,52.34845443596949,47.53111200321156,52.308309915696505,,,,,,364.7768859863281,51.85498809814453,316.32080078125,329.6583251953125,358.5399780273437,451.9388122558594,644.4332885742188,399.8194580078125,470.6736450195313,366.2769470214844,-73.0514144897461,154.67340087890625,-80.13695526123047,176.79257202148438,174.3385009765625,23.66899871826172,28.74639129638672,2.6406173706054688,-0.2496109008789062,144.05197143554688,19.186988830566406,-11.212394714355469,22.272789001464844,-23.66899871826172,-23.66899871826172,-23.66899871826172,23.66899871826172,23.66899871826172,-23.66899871826172,23.01099395751953,,,,,
SGDKRW=X,61.56011258544432,54.724567752312026,56.01125854443104,52.43264977885001,63.12826698833936,77.04061117812626,64.89746682750301,64.4551668677121,75.99517490952955,71.81342983514274,52.55327704061118,58.54443104141536,47.96944109368717,48.04985926819461,54.44310414153599,50.22114997989545,50.140731805388015,48.81383192601528,49.45717732207479,51.26658624849216,52.1913952553277,52.1913952553277,47.80860474467229,51.5480498592682,51.82951347004423,52.1913952553277,52.1913952553277,52.1913952553277,48.81383192601528,52.31202251708886,,,,,,3609.70166015625,1428.898193359375,2062.26513671875,512.709716796875,3864.240234375,6125.9384765625,4214.66015625,4118.7646484375,5975.51318359375,5471.271484375,1001.9344482421876,2209.232666015625,-229.0927734375,-807.2783203125,1340.30078125,278.8594970703125,848.8043212890625,196.9642333984375,-48.802490234375,194.8541259765625,228.989990234375,228.989990234375,-228.989990234375,420.43115234375,110.5927734375,228.989990234375,228.989990234375,228.989990234375,440.1090087890625,240.0579833984375,,,,,
SGDMYR=X,50.401606425702816,50.52208835341365,50.48192771084338,50.16064257028112,50.80321285140562,59.076305220883526,56.546184738955816,48.75502008032129,55.58232931726907,48.95582329317269,49.83935742971888,52.53012048192771,45.54216867469879,52.570281124498,56.024096385542165,47.75100401606426,48.87550200803213,50.24096385542168,47.83132530120482,49.07630522088353,50.36144578313253,50.28112449799197,49.03614457831325,50.040160642570285,50.6425702811245,50.36144578313253,50.12048192771085,50.36144578313253,49.19678714859438,48.03212851405623,,,,,,5.359856605529785,5.43209171295166,5.46353006362915,5.256556034088135,5.549135208129883,12.401622772216797,8.817548751831055,4.897926330566406,8.619487762451172,4.793949604034424,0.7616641521453857,1.6304771900177002,-2.0170609951019287,7.25875186920166,9.666439056396484,4.20831823348999,-0.3784925937652588,0.4972178936004638,4.108822822570801,4.629049301147461,0.4750893115997314,0.6127541065216064,0.6036484241485596,0.8547890186309814,1.0328571796417236,0.640700101852417,0.6759631633758545,0.640700101852417,4.591006755828857,4.413330078125,,,,,
SGDTHB=X,50.2209722780233,53.314584170349534,54.15829650462033,50.34150261149056,60.787464845319406,57.65367617517075,57.37243873041382,58.45721173161912,59.14021695460024,56.32784250703094,54.88147850542386,51.74768983527521,59.9035757332262,48.4933708316593,48.13177983125753,51.5066291683407,53.39493772599437,51.62715950180795,51.46645239051828,50.54238650060265,49.93973483326637,49.49779027721976,49.658497388509446,52.14945761349939,49.49779027721976,51.9485737243873,52.75210928083568,49.93973483326637,51.9485737243873,52.91281639212535,,,,,,9.77129364013672,74.80584716796875,92.80674743652344,13.959228515625,149.7041015625,150.12745666503906,144.48013305664062,155.99349975585938,160.3401641845703,138.533203125,89.29206848144531,53.05240631103516,121.84249877929688,0.3946380615234375,21.029312133789062,55.58073425292969,69.3592300415039,28.575252532958984,47.85519790649414,31.8281364440918,1.905200958251953,-1.905200958251953,-1.0096511840820312,12.72292709350586,-1.905200958251953,44.91930389404297,54.79195022583008,1.905200958251953,30.71728134155273,78.89997863769531,,,,,
Soya Bean,59.24250989259468,61.447145279819104,66.30864895421142,53.4200113058225,61.560203504804974,62.63425664217072,64.16054267947993,81.51498021481063,66.47823629169022,69.19163369135106,49.18032786885246,50.98925946862634,48.04974561899378,50.14132278123233,47.93668739400792,49.46297343131713,50.70661390616167,48.61503674392312,51.83719615602035,49.80214810627473,51.32843414358395,51.95025438100623,48.78462408140192,51.780667043527416,49.97173544375354,50.36743923120407,48.61503674392312,52.345958168456754,50.423968343697,49.18032786885246,,,,,,6755.5,7057.0,8725.0,3208.5,7305.5,7774.0,8308.0,12678.0,9194.5,9904.5,673.0,706.0,-979.0,1055.0,193.5,746.0,593.5,56.0,1535.5,556.5,964.5,2075.0,243.0,1653.5,956.5,465.0,56.0,2237.5,1340.0,243.5,,,,,
Sugar,65.75112107623319,51.62556053811659,56.95067264573991,52.52242152466368,58.29596412556054,64.68609865470853,66.4798206278027,60.9304932735426,67.65695067264575,61.54708520179371,50.39237668161435,47.6457399103139,49.66367713004484,48.54260089686099,50.84080717488789,47.98206278026906,50.61659192825112,52.57847533632288,46.80493273542601,47.75784753363229,47.14125560538117,51.84977578475336,46.80493273542601,50.11210762331838,48.03811659192825,46.80493273542601,51.51345291479821,50.44843049327354,46.80493273542601,46.80493273542601,,,,,,195.69000244140625,36.709999084472656,105.60999298095705,46.970001220703125,127.2300033569336,181.9900054931641,206.58999633789065,151.14999389648438,214.3300018310547,160.2899932861328,26.73000144958496,4.590000152587891,8.170001983642578,6.590000152587891,15.90999984741211,4.690001487731934,2.450000762939453,43.02999877929688,0.1699998378753662,3.0100018978118896,2.390000343322754,26.69000244140625,0.1699998378753662,28.729999542236328,18.51000022888184,0.1699998378753662,40.150001525878906,-0.1699998378753662,0.1699998378753662,0.1699998378753662,,,,,
THB=X,66.42628205128204,60.256410256410255,59.49519230769232,64.1826923076923,59.57532051282052,71.19391025641025,66.10576923076923,61.61858974358975,65.38461538461539,68.26923076923077,48.31730769230769,49.9198717948718,48.4775641025641,47.83653846153847,60.9375,50.16025641025641,50.16025641025641,50.16025641025641,49.9198717948718,49.39903846153847,49.79967948717949,48.157051282051285,52.00320512820513,52.083333333333336,48.27724358974359,52.40384615384615,48.4375,48.27724358974359,48.27724358974359,50.16025641025641,,,,,,155.45826721191406,116.29737854003906,119.7663803100586,142.88101196289062,112.03436279296876,180.8851623535156,154.99594116210938,127.9079132080078,152.263427734375,164.43328857421875,-8.89498519897461,3.5300064086914062,0.7079887390136719,-15.23004150390625,110.29998779296876,-0.3699989318847656,-0.3699989318847656,-0.3699989318847656,-0.4990234375,4.590023040771484,9.96200180053711,-0.0019989013671875,14.254016876220703,21.32863998413086,0.3699989318847656,35.286624908447266,1.314006805419922,0.3699989318847656,0.3699989318847656,-0.3699989318847656,,,,,
THBCNY=X,51.88755020080321,62.93172690763053,50.44176706827309,69.59839357429719,63.29317269076306,78.35341365461848,69.67871485943775,62.28915662650603,58.99598393574297,78.39357429718875,49.79919678714859,52.44979919678715,53.45381526104418,48.5140562248996,64.73895582329318,50.08032128514056,50.16064257028112,48.75502008032129,50.08032128514056,68.83534136546184,48.795180722891565,50.36144578313253,50.08032128514056,49.91967871485944,50.08032128514056,50.08032128514056,50.08032128514056,51.32530120481928,50.08032128514056,50.08032128514056,,,,,,0.1409799307584762,0.8013817071914673,0.0618420094251632,1.080451726913452,0.8270094990730286,1.2736420631408691,1.0594096183776855,0.7843534350395203,0.5975098609924316,1.317253828048706,0.0547258704900741,0.0791699737310409,0.1423278898000717,-0.1452600210905075,0.7744637727737427,0.0199400037527084,0.0456057339906692,0.0445040315389633,0.0199400037527084,1.0962140560150146,-0.0199400037527084,0.0657979100942611,0.0199400037527084,0.0418779700994491,0.0199400037527084,0.0541200190782547,0.0199400037527084,0.1212080866098404,0.0199400037527084,0.0199400037527084,,,,,
THBHKD=X,51.76848874598071,50.442122186495176,62.41961414790996,64.14790996784566,64.46945337620579,76.12540192926045,64.22829581993568,78.21543408360128,73.47266881028939,63.82636655948553,43.729903536977496,68.56913183279742,48.231511254019296,49.11575562700964,50.32154340836013,49.638263665594856,56.5112540192926,51.28617363344051,50.88424437299035,49.71864951768489,49.55787781350482,52.97427652733119,50.12057877813505,51.0048231511254,54.13987138263665,49.55787781350482,49.55787781350482,50.7636655948553,48.79421221864952,49.55787781350482,,,,,,0.2290520817041397,0.1235820204019546,0.6630502343177795,0.7599003911018372,0.7737582921981812,1.2042444944381714,0.7533620595932007,1.3011221885681152,1.1458619832992554,0.7621262073516846,-0.2730921506881714,0.987540602684021,-0.1042621880769729,0.013633981347084,0.0587460547685623,0.0057499855756759,0.3479217886924743,0.1033460348844528,0.0380799025297164,0.0132559984922409,0.0039200037717819,0.1480659693479538,-0.0039200037717819,0.0959819108247757,0.2210240811109542,0.0039200037717819,0.0039200037717819,0.0248580425977706,-0.0035499185323715,0.0039200037717819,,,,,
THBZAR=X,57.62915498598318,57.50901081297557,65.11814177012415,57.30877052462956,55.86704044853824,84.90188225871044,85.6227472967561,67.64116940328394,73.04765718862635,61.91429715658791,52.06247496996396,49.49939927913496,51.54185022026432,51.14136964357229,69.16299559471366,51.661994393271925,51.3816579895875,48.7785342410893,53.14377252703244,52.06247496996396,48.7785342410893,51.3015618742491,57.228674409291145,55.226271525831,51.902282739287145,51.14136964357229,48.7785342410893,48.7785342410893,48.7785342410893,51.18141770124149,,,,,,2.2533211708068848,2.553407669067383,3.8552112579345694,2.325601816177368,1.938515067100525,6.374846458435059,6.5717854499816895,4.280701637268066,5.249040603637695,3.036863327026367,0.2782016396522522,-0.1513142585754394,0.0951159000396728,0.0245656967163085,4.66908073425293,-0.0223060250282287,0.415752112865448,0.171779990196228,0.4350720643997192,0.2773781418800354,0.171779990196228,0.4576620459556579,1.7392897605895996,1.4215606451034546,0.500754177570343,-0.1903740167617797,0.171779990196228,0.171779990196228,0.171779990196228,-0.171779990196228,,,,,
TRY=X,57.9454253611557,57.9454253611557,57.70465489566613,57.70465489566613,57.9454253611557,59.47030497592295,59.34991974317817,60.23274478330658,62.80096308186196,59.8314606741573,52.56821829855538,46.46869983948636,57.82504012841091,57.9454253611557,52.72873194221509,58.94863563402889,57.6645264847512,56.2199036918138,58.74799357945425,58.26645264847512,57.34349919743178,57.34349919743178,57.6645264847512,57.30337078651685,53.49117174959872,58.10593900481541,42.29534510433387,57.6645264847512,57.6645264847512,58.22632423756019,,,,,,48.320430755615234,47.1296272277832,37.87067031860352,37.87067031860352,46.37322998046875,59.20758438110352,56.74412536621094,59.90143966674805,72.15111541748047,60.66455841064453,13.235836029052734,-11.373347282409668,28.54050064086914,35.539825439453125,-0.6314566135406494,33.5495491027832,31.60450935363769,14.132306098937988,33.53908920288086,32.798770904541016,24.19799423217773,25.60547065734864,31.60450935363769,30.08588981628418,12.54460906982422,31.488664627075195,-31.60450935363769,31.60450935363769,31.60450935363769,33.5577278137207,,,,,
VND=X,54.68059461631177,51.86822016874246,52.39051828043391,51.5066291683407,52.7922860586581,56.126958617918845,54.439533949377264,51.988750502209726,51.0646846122941,52.39051828043391,42.26597026918441,44.27480916030535,39.81518682201688,40.77942948975492,38.48935315387706,46.32382482924869,46.20329449578144,44.07392527119325,41.70349537967055,46.96665327440739,39.73483326637204,39.05182804339092,41.82402571313781,49.53796705504219,44.8372840498192,41.82402571313781,43.230212936922456,46.04258738449176,47.28806749698674,46.84612294094014,,,,,,105246.421875,95956.8125,96227.875,92997.71875,100687.8125,108984.1796875,105888.078125,94923.171875,95554.875,98002.265625,38123.0625,49637.62890625,-11268.29296875,34491.0703125,-21840.01953125,52299.2265625,45807.78125,36296.609375,28256.9765625,53284.21875,-3402.0,3383.40625,3402.0,77155.3046875,52069.59765625,3402.0,17799.078125,62503.2109375,67473.53125,67490.7890625,,,,,
Wheat,69.24379232505643,62.02031602708804,61.6252821670429,65.06772009029346,60.8352144469526,75.33860045146726,69.18735891647856,65.57562076749436,63.48758465011287,66.2528216704289,48.25056433408578,52.144469525959366,52.31376975169301,51.46726862302483,45.25959367945824,51.07223476297968,52.37020316027088,51.52370203160272,51.07223476297968,49.20993227990971,52.088036117381485,50.45146726862303,52.652370203160274,50.45146726862303,51.29796839729119,53.1038374717833,47.79909706546275,50.56433408577878,49.77426636568848,47.79909706546275,,,,,,7285.5,4807.5,4749.5,6126.0,4357.5,8381.5,7037.5,6236.0,5408.5,6333.0,-606.5,1547.5,1278.5,1202.5,-1047.0,862.5,1158.5,922.5,859.0,411.5,1504.5,-58.0,1240.5,-58.0,939.0,1436.5,58.0,-39.0,454.5,58.0,,,,,
XAF=X,70.95218963439133,78.2241864202491,72.4387304138208,78.06347930895943,79.34913619927681,80.87585375652873,75.49216552832463,73.32261952591402,82.48292486942546,75.37163519485736,50.662916834069904,51.988750502209726,42.62756126958618,81.11691442346324,48.6942547207714,69.06388107673764,64.48372840498192,72.51908396946564,62.19365206910405,73.0815588589795,64.96584973885095,50.82362394535959,50.82362394535959,52.31016472478908,54.15829650462033,71.63519485737244,55.92607472880675,71.91643230212938,54.92165528324628,52.02892728003214,,,,,,2937.318359375,4158.423828125,3446.7626953125,4068.74951171875,4252.736328125,4362.5556640625,3885.62646484375,3565.70849609375,4534.70751953125,3793.88720703125,86.73785400390625,67.38995361328125,-1012.3113403320312,4217.1552734375,-150.37689208984375,2767.005859375,1978.75048828125,3305.919921875,1479.62841796875,3435.58935546875,2182.476806640625,-2.26995849609375,-2.26995849609375,321.42547607421875,667.3184204101562,3098.37451171875,787.9769897460938,3130.59912109375,661.6436157226562,374.57171630859375,,,,,
XOF=X,54.67683661180249,46.728221597751904,46.68807707747892,46.68807707747892,62.70574066639904,61.702127659574465,63.38819751103975,62.74588518667203,63.0268968285829,62.264150943396224,55.88117221999197,50.70252910477719,41.26856684062625,46.00562023283822,47.009233239662784,49.21718185467684,50.903251706142115,47.892412685668404,45.604175030108394,46.728221597751904,46.64793255720594,44.92171818546768,47.73183460457647,46.44720995584103,44.92171818546768,46.68807707747892,47.29024488157367,47.089522280208755,51.70614211160177,46.68807707747892,,,,,,2525.54638671875,215.17999267578125,-2.82000732421875,-2.82000732421875,4115.03759765625,3830.477783203125,4181.26611328125,3915.41796875,3990.65966796875,3507.1416015625,3782.70361328125,2324.03125,-1720.027587890625,-33.33477783203125,-1009.06982421875,1002.3705444335938,836.3651733398438,189.85040283203125,-256.28656005859375,15.05999755859375,-120.61553955078125,2.82000732421875,362.99273681640625,510.45074462890625,2.82000732421875,-2.82000732421875,632.9016723632812,670.0802612304688,1243.463134765625,-2.82000732421875,,,,,
